{"type":"FeatureCollection","name":"union_beach_road_centerlines","metadata":{"source":"NJOGIS NG911 Road Centerlines (Tran_road)","url":"https://services2.arcgis.com/XVOqAjTOJ5P6ngMu/arcgis/rest/services/Tran_road/FeatureServer/0","query_url":"https://services2.arcgis.com/XVOqAjTOJ5P6ngMu/arcgis/rest/services/Tran_road/FeatureServer/0/query","retrieved_at_utc":"2026-09-04T20:06:18.069596+00:00","source_last_edit_date":1785341586960,"out_sr":4326,"query_envelope_wgs84":[-74.1896302,40.4373916,-74.1468522,40.4586299],"spatial_relationship":"esriSpatialRelIntersects","boundary_file":"union_beach_boundary.geojson","boundary_sha256":"0ee10a82004918ee5d05f32f88764e4177cf753606b8ce7dbf6f0d219f0a190c","fields":["OBJECTID","PRIMENAME","ELEVTYP_F","ELEVTYP_T"],"feature_count":479,"complete_objectid_inventory_verified":true,"municipal_clipping":"Envelope selection only; clip against the actual municipal boundary in the application."},"features":[{"type":"Feature","id":97,"properties":{"OBJECTID":97,"PRIMENAME":"Broadway","ELEVTYP_F":0,"ELEVTYP_T":0},"geometry":{"type":"LineString","coordinates":[[-74.183567103462,40.441892559521],[-74.1822540403269,40.442254117538],[-74.1820713158073,40.4423044283149]]}},{"type":"Feature","id":355,"properties":{"OBJECTID":355,"PRIMENAME":"Front Street","ELEVTYP_F":0,"ELEVTYP_T":0},"geometry":{"type":"LineString","coordinates":[[-74.1699820772842,40.450785867865],[-74.1694329304918,40.4503821354191],[-74.1684570462336,40.4496549228389],[-74.1675433624726,40.4489755651099],[-74.1673507007309,40.4488272666736],[-74.1672263753156,40.4487315700526],[-74.1671766046953,40.4486666682201]]}},{"type":"Feature","id":417,"properties":{"OBJECTID":417,"PRIMENAME":"Central Avenue","ELEVTYP_F":0,"ELEVTYP_T":0},"geometry":{"type":"LineString","coordinates":[[-74.1625083983404,40.4440633810625],[-74.161552428319,40.4441125242924]]}},{"type":"Feature","id":644,"properties":{"OBJECTID":644,"PRIMENAME":"Pine Street","ELEVTYP_F":0,"ELEVTYP_T":0},"geometry":{"type":"LineString","coordinates":[[-74.1735794881289,40.4479672888416],[-74.1734150851701,40.4480955715909],[-74.1729925929649,40.4484276114384]]}},{"type":"Feature","id":683,"properties":{"OBJECTID":683,"PRIMENAME":"Pine Street","ELEVTYP_F":0,"ELEVTYP_T":0},"geometry":{"type":"LineString","coordinates":[[-74.1747512458314,40.4470534367773],[-74.174176606651,40.4475016386426]]}},{"type":"Feature","id":2026,"properties":{"OBJECTID":2026,"PRIMENAME":"Columbia Avenue","ELEVTYP_F":0,"ELEVTYP_T":0},"geometry":{"type":"LineString","coordinates":[[-74.1638085154407,40.4433285584181],[-74.1638965338661,40.4433236536934],[-74.1655999636451,40.4432285056491],[-74.1656955300787,40.4432228243223]]}},{"type":"Feature","id":2379,"properties":{"OBJECTID":2379,"PRIMENAME":"Poole Avenue","ELEVTYP_F":0,"ELEVTYP_T":0},"geometry":{"type":"LineString","coordinates":[[-74.1797400331855,40.4390125935468],[-74.1797310269735,40.4390398003289],[-74.1794520686934,40.4398825038068],[-74.1792031479727,40.4405947566092]]}},{"type":"Feature","id":2744,"properties":{"OBJECTID":2744,"PRIMENAME":"Spruce Street","ELEVTYP_F":0,"ELEVTYP_T":0},"geometry":{"type":"LineString","coordinates":[[-74.1718289336004,40.4423474553867],[-74.1718272077905,40.4423624938563],[-74.171820399236,40.4424768646523],[-74.1718198661768,40.4425864771736],[-74.1718520089983,40.4428748817682],[-74.1718676869116,40.4430155429798],[-74.171929452417,40.4434955433942]]}},{"type":"Feature","id":2952,"properties":{"OBJECTID":2952,"PRIMENAME":"Florence Avenue","ELEVTYP_F":0,"ELEVTYP_T":0},"geometry":{"type":"LineString","coordinates":[[-74.1744739069888,40.4495212315278],[-74.1739518496081,40.4499326854975],[-74.1738821255918,40.4499872277727]]}},{"type":"Feature","id":3191,"properties":{"OBJECTID":3191,"PRIMENAME":"6th Street","ELEVTYP_F":0,"ELEVTYP_T":0},"geometry":{"type":"LineString","coordinates":[[-74.1466387559166,40.4435163721897],[-74.1466634926299,40.4435545781164],[-74.1467070473244,40.443573789448],[-74.1471104311558,40.4435750215046],[-74.1476302677365,40.4435766071674],[-74.1477425486806,40.4435769493521],[-74.1477738607743,40.4435531895552],[-74.1477740679648,40.4435525660442]]}},{"type":"Feature","id":4106,"properties":{"OBJECTID":4106,"PRIMENAME":"Ocean Avenue","ELEVTYP_F":0,"ELEVTYP_T":0},"geometry":{"type":"LineString","coordinates":[[-74.1675589110256,40.4418523831151],[-74.1674983903049,40.4411918895181]]}},{"type":"Feature","id":4186,"properties":{"OBJECTID":4186,"PRIMENAME":"Bayshore Mobile Manor","ELEVTYP_F":0,"ELEVTYP_T":0},"geometry":{"type":"LineString","coordinates":[[-74.1476542010642,40.4384627921416],[-74.147662560486,40.4385820397017],[-74.1476800214727,40.438829897415],[-74.14768331284,40.4389465762096],[-74.1476846031038,40.438992276758],[-74.1476852665918,40.4390157881569],[-74.1476912829589,40.4390539368401],[-74.147672351276,40.4391015616691],[-74.1476597242938,40.4391253243697],[-74.1476221490768,40.4391585902226],[-74.1475845883383,40.4391823039316],[-74.1475469778318,40.439215542633],[-74.1475219197902,40.4392392944377],[-74.1475092532539,40.4392773861646],[-74.1475090541104,40.439315515904],[-74.1475026540664,40.4393440727595],[-74.1475119885988,40.4395104032786]]}},{"type":"Feature","id":4524,"properties":{"OBJECTID":4524,"PRIMENAME":"Clark Avenue","ELEVTYP_F":0,"ELEVTYP_T":0},"geometry":{"type":"LineString","coordinates":[[-74.1673731003201,40.4398807463765],[-74.1676750137814,40.4398650338885],[-74.1696609226632,40.4397563074481]]}},{"type":"Feature","id":5554,"properties":{"OBJECTID":5554,"PRIMENAME":"Florence Avenue","ELEVTYP_F":0,"ELEVTYP_T":0},"geometry":{"type":"LineString","coordinates":[[-74.1727120201486,40.4509030511722],[-74.1721310305915,40.4513616836424]]}},{"type":"Feature","id":9444,"properties":{"OBJECTID":9444,"PRIMENAME":"Unnamed Segment","ELEVTYP_F":0,"ELEVTYP_T":0},"geometry":{"type":"LineString","coordinates":[[-74.1555054545794,40.444748279324],[-74.1549174808404,40.4447501993951],[-74.1542594805956,40.444759198632],[-74.1535744786098,40.4447601984039],[-74.1532604796198,40.4447551996544]]}},{"type":"Feature","id":19984,"properties":{"OBJECTID":19984,"PRIMENAME":"Scholer Drive","ELEVTYP_F":0,"ELEVTYP_T":0},"geometry":{"type":"LineString","coordinates":[[-74.1747525489769,40.4402303926616],[-74.1743395954821,40.4401311460228]]}},{"type":"Feature","id":20377,"properties":{"OBJECTID":20377,"PRIMENAME":"Cambridge Avenue","ELEVTYP_F":0,"ELEVTYP_T":0},"geometry":{"type":"LineString","coordinates":[[-74.1675589110256,40.4418523831151],[-74.1692687569461,40.4417664228311]]}},{"type":"Feature","id":20503,"properties":{"OBJECTID":20503,"PRIMENAME":"Edmunds Avenue","ELEVTYP_F":0,"ELEVTYP_T":0},"geometry":{"type":"LineString","coordinates":[[-74.1800718001518,40.4470825309481],[-74.1794210833549,40.4466020012719]]}},{"type":"Feature","id":21209,"properties":{"OBJECTID":21209,"PRIMENAME":"Bayview Avenue","ELEVTYP_F":0,"ELEVTYP_T":0},"geometry":{"type":"LineString","coordinates":[[-74.1750070674561,40.4452590195342],[-74.1746949969877,40.4452825463962],[-74.1737089954671,40.4453655534136],[-74.1722800007415,40.4454615991778],[-74.1721808684537,40.4454684007284]]}},{"type":"Feature","id":22072,"properties":{"OBJECTID":22072,"PRIMENAME":"Cypress Street","ELEVTYP_F":0,"ELEVTYP_T":0},"geometry":{"type":"LineString","coordinates":[[-74.1855575304927,40.4366884553523],[-74.1856482021347,40.4367208484686],[-74.1861587735802,40.4369033605973],[-74.18670051479,40.4371050070757],[-74.1871301385969,40.4372586632745],[-74.1875099179255,40.4374074349833],[-74.1875778772504,40.437434054234]]}},{"type":"Feature","id":23434,"properties":{"OBJECTID":23434,"PRIMENAME":"Poole Avenue","ELEVTYP_F":0,"ELEVTYP_T":0},"geometry":{"type":"LineString","coordinates":[[-74.1786761325063,40.444422259799],[-74.1786547374965,40.4447426420968]]}},{"type":"Feature","id":23778,"properties":{"OBJECTID":23778,"PRIMENAME":"Oak Street","ELEVTYP_F":0,"ELEVTYP_T":0},"geometry":{"type":"LineString","coordinates":[[-74.1773277748834,40.4495441697091],[-74.1771692693799,40.4496693418095],[-74.1771317359455,40.449688288175],[-74.1771067618543,40.4496882184208],[-74.1771004512176,40.4496849810143]]}},{"type":"Feature","id":25000,"properties":{"OBJECTID":25000,"PRIMENAME":"Florence Avenue","ELEVTYP_F":0,"ELEVTYP_T":0},"geometry":{"type":"LineString","coordinates":[[-74.1768070778655,40.4476921241614],[-74.176222848617,40.448148599718]]}},{"type":"Feature","id":25757,"properties":{"OBJECTID":25757,"PRIMENAME":"Sydney Avenue","ELEVTYP_F":0,"ELEVTYP_T":0},"geometry":{"type":"LineString","coordinates":[[-74.1738487594659,40.4420743183711],[-74.1739368589234,40.4420968027583],[-74.1749352237924,40.442032907596],[-74.1756091721493,40.4419775911856],[-74.1756653747827,40.4419682507397],[-74.1756966992971,40.4419397073081],[-74.1757218173307,40.4419016195008]]}},{"type":"Feature","id":25994,"properties":{"OBJECTID":25994,"PRIMENAME":"Beachview Avenue","ELEVTYP_F":0,"ELEVTYP_T":0},"geometry":{"type":"LineString","coordinates":[[-74.1625083983404,40.4440633810625],[-74.1629432738872,40.4433071354631],[-74.1630366049759,40.4431448287884]]}},{"type":"Feature","id":26406,"properties":{"OBJECTID":26406,"PRIMENAME":"2nd Street","ELEVTYP_F":0,"ELEVTYP_T":0},"geometry":{"type":"LineString","coordinates":[[-74.1750200171695,40.4529994715441],[-74.1748262557226,40.4529989266653],[-74.1744457029179,40.4529978555629],[-74.1743771130431,40.4529880813994],[-74.1742962610287,40.4529354761724],[-74.1740362259679,40.4527496379754],[-74.1736869597429,40.4525000245015],[-74.1736194172066,40.4524595897511]]}},{"type":"Feature","id":28068,"properties":{"OBJECTID":28068,"PRIMENAME":"Florence Avenue","ELEVTYP_F":0,"ELEVTYP_T":0},"geometry":{"type":"LineString","coordinates":[[-74.1785729710249,40.4462937264839],[-74.1782664469117,40.4465323886266],[-74.1772414186528,40.4473496172583]]}},{"type":"Feature","id":29030,"properties":{"OBJECTID":29030,"PRIMENAME":"Campbell Street","ELEVTYP_F":0,"ELEVTYP_T":0},"geometry":{"type":"LineString","coordinates":[[-74.1794210833549,40.4466020012719],[-74.1804816190334,40.4457752703218],[-74.1805397924289,40.4457299164352]]}},{"type":"Feature","id":29066,"properties":{"OBJECTID":29066,"PRIMENAME":"Rose Lane","ELEVTYP_F":0,"ELEVTYP_T":0},"geometry":{"type":"LineString","coordinates":[[-74.1555054545794,40.444748279324],[-74.1555054980433,40.4447573146551],[-74.1555264794378,40.4452811981872]]}},{"type":"Feature","id":29791,"properties":{"OBJECTID":29791,"PRIMENAME":"8th Street","ELEVTYP_F":0,"ELEVTYP_T":0},"geometry":{"type":"LineString","coordinates":[[-74.1776976211368,40.4492520988155],[-74.1776455598699,40.4492131370682],[-74.1762904478955,40.4481989977908],[-74.176222848617,40.448148599718]]}},{"type":"Feature","id":29861,"properties":{"OBJECTID":29861,"PRIMENAME":"Morningside Avenue","ELEVTYP_F":0,"ELEVTYP_T":0},"geometry":{"type":"LineString","coordinates":[[-74.1697263946924,40.4404150021584],[-74.1695102960008,40.440427066488],[-74.1679183772424,40.4405109536957],[-74.167437310116,40.4405358424617]]}},{"type":"Feature","id":30144,"properties":{"OBJECTID":30144,"PRIMENAME":"Highland Avenue","ELEVTYP_F":0,"ELEVTYP_T":0},"geometry":{"type":"LineString","coordinates":[[-74.1877317377413,40.4371891086409],[-74.1875778772504,40.437434054234]]}},{"type":"Feature","id":30492,"properties":{"OBJECTID":30492,"PRIMENAME":"Walnut Street","ELEVTYP_F":0,"ELEVTYP_T":0},"geometry":{"type":"LineString","coordinates":[[-74.1902838092234,40.4407311838506],[-74.1899053703458,40.440558761514],[-74.1893278133271,40.4400043921722],[-74.1892734463964,40.4399434961336]]}},{"type":"Feature","id":31045,"properties":{"OBJECTID":31045,"PRIMENAME":"Shore Road","ELEVTYP_F":0,"ELEVTYP_T":0},"geometry":{"type":"LineString","coordinates":[[-74.1633501673006,40.4384562536476],[-74.1633471012747,40.4384227256296],[-74.1633727476721,40.4382798328383],[-74.1633831399171,40.4382537211433],[-74.1633917034252,40.4382322045879],[-74.1634355934506,40.4381846768465],[-74.1634731480978,40.4381609579585],[-74.1635660258733,40.4381023174673]]}},{"type":"Feature","id":31627,"properties":{"OBJECTID":31627,"PRIMENAME":"Dock Street","ELEVTYP_F":0,"ELEVTYP_T":0},"geometry":{"type":"LineString","coordinates":[[-74.1751356594219,40.4498575899092],[-74.1751132205416,40.4504356551069]]}},{"type":"Feature","id":31949,"properties":{"OBJECTID":31949,"PRIMENAME":"Central Avenue","ELEVTYP_F":0,"ELEVTYP_T":0},"geometry":{"type":"LineString","coordinates":[[-74.1766974199202,40.4431531218629],[-74.1763082713,40.4431805552363],[-74.1747514403333,40.4432932110417]]}},{"type":"Feature","id":36235,"properties":{"OBJECTID":36235,"PRIMENAME":"Cambridge Avenue","ELEVTYP_F":0,"ELEVTYP_T":0},"geometry":{"type":"LineString","coordinates":[[-74.1626612426667,40.4421095263256],[-74.1636158929037,40.4420598755859],[-74.1636971183383,40.4420550332021]]}},{"type":"Feature","id":36445,"properties":{"OBJECTID":36445,"PRIMENAME":"Union Avenue","ELEVTYP_F":0,"ELEVTYP_T":0},"geometry":{"type":"LineString","coordinates":[[-74.1662745178657,40.4458372227982],[-74.1661944170205,40.4454830317414],[-74.1661277821297,40.4451816686073]]}},{"type":"Feature","id":36453,"properties":{"OBJECTID":36453,"PRIMENAME":"5th Street","ELEVTYP_F":0,"ELEVTYP_T":0},"geometry":{"type":"LineString","coordinates":[[-74.1729925929649,40.4484276114384],[-74.1716714895889,40.4474424750782],[-74.1716074032654,40.4473946646093]]}},{"type":"Feature","id":37097,"properties":{"OBJECTID":37097,"PRIMENAME":"Cambridge Avenue","ELEVTYP_F":0,"ELEVTYP_T":0},"geometry":{"type":"LineString","coordinates":[[-74.1636971183383,40.4420550332021],[-74.1639965376067,40.4420371543449],[-74.1653317580165,40.4419647397013],[-74.1654059356292,40.4419610015118]]}},{"type":"Feature","id":38139,"properties":{"OBJECTID":38139,"PRIMENAME":"Newark Avenue","ELEVTYP_F":0,"ELEVTYP_T":0},"geometry":{"type":"LineString","coordinates":[[-74.179910768944,40.4408220128903],[-74.179956477043,40.440760126833],[-74.1805151612302,40.4400038725437],[-74.1809546478622,40.4394093602012],[-74.1809969926119,40.4393516370954]]}},{"type":"Feature","id":39481,"properties":{"OBJECTID":39481,"PRIMENAME":"High Avenue","ELEVTYP_F":0,"ELEVTYP_T":0},"geometry":{"type":"LineString","coordinates":[[-74.1608748996798,40.4402550003889],[-74.160794862019,40.4411175118259],[-74.1607874757039,40.4411860089483]]}},{"type":"Feature","id":40848,"properties":{"OBJECTID":40848,"PRIMENAME":"Union Avenue","ELEVTYP_F":0,"ELEVTYP_T":0},"geometry":{"type":"LineString","coordinates":[[-74.1656955300787,40.4432228243223],[-74.1656272450037,40.4429128008783],[-74.1656208926357,40.4428839665742],[-74.1656041812258,40.4428122463204],[-74.1655611897975,40.4426277261143]]}},{"type":"Feature","id":42129,"properties":{"OBJECTID":42129,"PRIMENAME":"Pine Street","ELEVTYP_F":0,"ELEVTYP_T":0},"geometry":{"type":"LineString","coordinates":[[-74.1749225957431,40.4446095811772],[-74.1750070674561,40.4452590195342]]}},{"type":"Feature","id":42919,"properties":{"OBJECTID":42919,"PRIMENAME":"7th Street","ELEVTYP_F":0,"ELEVTYP_T":0},"geometry":{"type":"LineString","coordinates":[[-74.14773853039,40.4432092533613],[-74.1466217341308,40.4431921453475]]}},{"type":"Feature","id":43158,"properties":{"OBJECTID":43158,"PRIMENAME":"Walnut Street","ELEVTYP_F":0,"ELEVTYP_T":0},"geometry":{"type":"LineString","coordinates":[[-74.1887753323734,40.4396096798135],[-74.1886313361827,40.4395449837194],[-74.1883872707121,40.439358917782]]}},{"type":"Feature","id":43415,"properties":{"OBJECTID":43415,"PRIMENAME":"Clark Avenue","ELEVTYP_F":0,"ELEVTYP_T":0},"geometry":{"type":"LineString","coordinates":[[-74.1696609226632,40.4397563074481],[-74.1711502701495,40.439674794698]]}},{"type":"Feature","id":43632,"properties":{"OBJECTID":43632,"PRIMENAME":"Maple Street","ELEVTYP_F":0,"ELEVTYP_T":0},"geometry":{"type":"LineString","coordinates":[[-74.1768361367155,40.4444683555747],[-74.1767851344529,40.4439015312359],[-74.1767751629147,40.4438153599794]]}},{"type":"Feature","id":44048,"properties":{"OBJECTID":44048,"PRIMENAME":"Brown Avenue","ELEVTYP_F":0,"ELEVTYP_T":0},"geometry":{"type":"LineString","coordinates":[[-74.1468880060495,40.4409003199745],[-74.1469128660498,40.4411962115405],[-74.1469063511243,40.4412534011025],[-74.1468874068498,40.4412962226398],[-74.1468685384255,40.4413247692849],[-74.1468546464434,40.4413326605741],[-74.146843493844,40.4413389949203],[-74.1468060169736,40.4413531555491],[-74.1467436450551,40.4413529649764],[-74.1466437844079,40.4413622128624],[-74.1465938043382,40.4413763343042],[-74.1465437989411,40.4413952875725],[-74.1464937450836,40.4414237117853],[-74.1464623836319,40.4414569971473],[-74.146418405801,40.4415188202722],[-74.1464117542113,40.4415950326702],[-74.1464260784787,40.4424338581362],[-74.146427479863,40.4425162438103]]}},{"type":"Feature","id":44229,"properties":{"OBJECTID":44229,"PRIMENAME":"Florence Avenue","ELEVTYP_F":0,"ELEVTYP_T":0},"geometry":{"type":"LineString","coordinates":[[-74.184314024439,40.4386862850533],[-74.1842838714824,40.438734601276],[-74.1840859231319,40.4390517827044],[-74.1840755074307,40.4390684728111]]}},{"type":"Feature","id":44476,"properties":{"OBJECTID":44476,"PRIMENAME":"Ellison Court","ELEVTYP_F":0,"ELEVTYP_T":0},"geometry":{"type":"LineString","coordinates":[[-74.1787973547616,40.4421824155651],[-74.1787020753998,40.442195930573],[-74.1778781497923,40.4423127778439],[-74.1767670018398,40.442481248108],[-74.1766139683235,40.4425053895509]]}},{"type":"Feature","id":44511,"properties":{"OBJECTID":44511,"PRIMENAME":"Pine Street","ELEVTYP_F":0,"ELEVTYP_T":0},"geometry":{"type":"LineString","coordinates":[[-74.171237435834,40.4498070934511],[-74.1710103262392,40.4499855958561],[-74.1706539801819,40.4502629123892]]}},{"type":"Feature","id":44873,"properties":{"OBJECTID":44873,"PRIMENAME":"Union Avenue","ELEVTYP_F":0,"ELEVTYP_T":0},"geometry":{"type":"LineString","coordinates":[[-74.1661277821297,40.4451816686073],[-74.1659836890572,40.444530074696]]}},{"type":"Feature","id":45087,"properties":{"OBJECTID":45087,"PRIMENAME":"Central Avenue","ELEVTYP_F":0,"ELEVTYP_T":0},"geometry":{"type":"LineString","coordinates":[[-74.1658391849469,40.4438749119178],[-74.1654968426132,40.443895443508],[-74.1639743757863,40.4439768140097],[-74.1638718344723,40.4439829122426]]}},{"type":"Feature","id":45313,"properties":{"OBJECTID":45313,"PRIMENAME":"6th Street","ELEVTYP_F":0,"ELEVTYP_T":0},"geometry":{"type":"LineString","coordinates":[[-74.172190572604,40.4469396368518],[-74.1722476434395,40.4469818548639],[-74.1735794881289,40.4479672888416]]}},{"type":"Feature","id":46089,"properties":{"OBJECTID":46089,"PRIMENAME":"Union Avenue","ELEVTYP_F":0,"ELEVTYP_T":0},"geometry":{"type":"LineString","coordinates":[[-74.1665656338418,40.4471393181352],[-74.1664874227464,40.4467802198284],[-74.1664263886936,40.4465083833942],[-74.1664207983706,40.4464836060224]]}},{"type":"Feature","id":46588,"properties":{"OBJECTID":46588,"PRIMENAME":"Union Avenue","ELEVTYP_F":0,"ELEVTYP_T":0},"geometry":{"type":"LineString","coordinates":[[-74.1648282326004,40.4393544245836],[-74.1647665138576,40.4390783303345],[-74.1647487482736,40.4389973239672],[-74.1646932986048,40.4387444996441],[-74.1646806915755,40.4387004578474]]}},{"type":"Feature","id":47149,"properties":{"OBJECTID":47149,"PRIMENAME":"Bayview Avenue","ELEVTYP_F":0,"ELEVTYP_T":0},"geometry":{"type":"LineString","coordinates":[[-74.1770449999713,40.4448520249112],[-74.1769612291807,40.444907626835],[-74.1767609586151,40.4450405362401],[-74.1766670979958,40.4451022043558],[-74.1765921394392,40.4451258778079],[-74.1764922546178,40.44513984553],[-74.1762176413444,40.4451676809955],[-74.1750070674561,40.4452590195342]]}},{"type":"Feature","id":47771,"properties":{"OBJECTID":47771,"PRIMENAME":"Seaview Avenue","ELEVTYP_F":0,"ELEVTYP_T":0},"geometry":{"type":"LineString","coordinates":[[-74.161552428319,40.4441125242924],[-74.1615786321416,40.4440460861635],[-74.1616481434288,40.4438699131232],[-74.1616858927629,40.4438081209269],[-74.1617673812808,40.4437225456487],[-74.1618196011245,40.4436697976241]]}},{"type":"Feature","id":47898,"properties":{"OBJECTID":47898,"PRIMENAME":"Sydney Avenue","ELEVTYP_F":0,"ELEVTYP_T":0},"geometry":{"type":"LineString","coordinates":[[-74.170214178238,40.4410447326391],[-74.1697886983205,40.4410678947985]]}},{"type":"Feature","id":48982,"properties":{"OBJECTID":48982,"PRIMENAME":"8th Street","ELEVTYP_F":0,"ELEVTYP_T":0},"geometry":{"type":"LineString","coordinates":[[-74.176222848617,40.448148599718],[-74.1755009905989,40.4476105583275],[-74.1748234570516,40.4471082411025],[-74.1747512458314,40.4470534367773]]}},{"type":"Feature","id":49248,"properties":{"OBJECTID":49248,"PRIMENAME":"Stone Road","ELEVTYP_F":0,"ELEVTYP_T":0},"geometry":{"type":"LineString","coordinates":[[-74.1824993876102,40.438385882493],[-74.1820543253172,40.4383074105886],[-74.1818708278679,40.4382796191133]]}},{"type":"Feature","id":49457,"properties":{"OBJECTID":49457,"PRIMENAME":"Ocean Avenue","ELEVTYP_F":0,"ELEVTYP_T":0},"geometry":{"type":"LineString","coordinates":[[-74.1679057944098,40.4457255535338],[-74.1678547772654,40.4450891628198]]}},{"type":"Feature","id":49508,"properties":{"OBJECTID":49508,"PRIMENAME":"Stone Road","ELEVTYP_F":0,"ELEVTYP_T":0},"geometry":{"type":"LineString","coordinates":[[-74.1867179675898,40.4390962793708],[-74.1865019986537,40.4390583597143],[-74.1856193904594,40.4389033874152],[-74.1844289439257,40.4387047439856],[-74.184314024439,40.4386862850533]]}},{"type":"Feature","id":50555,"properties":{"OBJECTID":50555,"PRIMENAME":"Sam Mobile Home Park","ELEVTYP_F":0,"ELEVTYP_T":0},"geometry":{"type":"LineString","coordinates":[[-74.1674152165338,40.437805809211],[-74.1674137698917,40.4377831557703],[-74.167365329978,40.4370245717259],[-74.1664134111934,40.4370404541312]]}},{"type":"Feature","id":51280,"properties":{"OBJECTID":51280,"PRIMENAME":"Edmunds Avenue","ELEVTYP_F":0,"ELEVTYP_T":0},"geometry":{"type":"LineString","coordinates":[[-74.1787826933455,40.4461304788162],[-74.1785888415484,40.4459869726977]]}},{"type":"Feature","id":51302,"properties":{"OBJECTID":51302,"PRIMENAME":"Aumack Avenue","ELEVTYP_F":0,"ELEVTYP_T":0},"geometry":{"type":"LineString","coordinates":[[-74.171788743374,40.4392190744876],[-74.1715832151348,40.4391565331339],[-74.1714648991966,40.4391133175291],[-74.1713393514988,40.4390706522494]]}},{"type":"Feature","id":51923,"properties":{"OBJECTID":51923,"PRIMENAME":"Orange Avenue","ELEVTYP_F":0,"ELEVTYP_T":0},"geometry":{"type":"LineString","coordinates":[[-74.1814362476548,40.4413650761893],[-74.1812633681317,40.4413975936843],[-74.1806663881266,40.4411420461682]]}},{"type":"Feature","id":54306,"properties":{"OBJECTID":54306,"PRIMENAME":"Isabella Avenue","ELEVTYP_F":0,"ELEVTYP_T":0},"geometry":{"type":"LineString","coordinates":[[-74.1592378908628,40.4392132594958],[-74.1601195116813,40.4392674361812]]}},{"type":"Feature","id":56800,"properties":{"OBJECTID":56800,"PRIMENAME":"Seagate Avenue","ELEVTYP_F":0,"ELEVTYP_T":0},"geometry":{"type":"LineString","coordinates":[[-74.16960000852,40.4390916688256],[-74.1696609226632,40.4397563074481]]}},{"type":"Feature","id":56952,"properties":{"OBJECTID":56952,"PRIMENAME":"North Chestnut Street","ELEVTYP_F":0,"ELEVTYP_T":0},"geometry":{"type":"LineString","coordinates":[[-74.1872008402837,40.4380343611959],[-74.1871266701668,40.4380069008323],[-74.1852710851913,40.4373203248943],[-74.1851757551943,40.4372850367524]]}},{"type":"Feature","id":57051,"properties":{"OBJECTID":57051,"PRIMENAME":"2nd Street","ELEVTYP_F":0,"ELEVTYP_T":0},"geometry":{"type":"LineString","coordinates":[[-74.1736194172066,40.4524595897511],[-74.1735190176673,40.452399462503],[-74.1721949433044,40.4514091915868],[-74.1721310305915,40.4513616836424]]}},{"type":"Feature","id":59670,"properties":{"OBJECTID":59670,"PRIMENAME":"Lorillard Avenue","ELEVTYP_F":0,"ELEVTYP_T":0},"geometry":{"type":"LineString","coordinates":[[-74.1768361367155,40.4444683555747],[-74.1759025538588,40.4445329431758],[-74.1749225957431,40.4446095811772]]}},{"type":"Feature","id":59956,"properties":{"OBJECTID":59956,"PRIMENAME":"Ocean Avenue","ELEVTYP_F":0,"ELEVTYP_T":0},"geometry":{"type":"LineString","coordinates":[[-74.1673731003201,40.4398807463765],[-74.16731403589,40.4392170179534]]}},{"type":"Feature","id":60727,"properties":{"OBJECTID":60727,"PRIMENAME":"Poole Avenue","ELEVTYP_F":0,"ELEVTYP_T":0},"geometry":{"type":"LineString","coordinates":[[-74.1787973547616,40.4421824155651],[-74.1787848633391,40.4424589823548],[-74.1787555549842,40.4430079312114]]}},{"type":"Feature","id":60788,"properties":{"OBJECTID":60788,"PRIMENAME":"Ellison Court","ELEVTYP_F":0,"ELEVTYP_T":0},"geometry":{"type":"LineString","coordinates":[[-74.1766139683235,40.4425053895509],[-74.1760241264185,40.4425983357588],[-74.1758930361095,40.4426170195249],[-74.1757869846053,40.4426214991422],[-74.1749949570453,40.4425811448619],[-74.174851444337,40.4425902673672],[-74.1748071920856,40.4426098218525],[-74.174776442308,40.4426234097485],[-74.174676469767,40.4426565097342]]}},{"type":"Feature","id":61402,"properties":{"OBJECTID":61402,"PRIMENAME":"Jersey Avenue","ELEVTYP_F":0,"ELEVTYP_T":0},"geometry":{"type":"LineString","coordinates":[[-74.1597092990249,40.4430409514021],[-74.1584551831045,40.4431352857194],[-74.1575906164252,40.443200310302],[-74.1561303602844,40.4433151159995],[-74.1556186926817,40.4433469462371],[-74.1555056198978,40.4433539936768]]}},{"type":"Feature","id":62140,"properties":{"OBJECTID":62140,"PRIMENAME":"4th Street","ELEVTYP_F":0,"ELEVTYP_T":0},"geometry":{"type":"LineString","coordinates":[[-74.1733020734834,40.4504410648625],[-74.1718990083854,40.4494019505857],[-74.171823963377,40.4493460934723]]}},{"type":"Feature","id":62418,"properties":{"OBJECTID":62418,"PRIMENAME":"Stone Road","ELEVTYP_F":0,"ELEVTYP_T":0},"geometry":{"type":"LineString","coordinates":[[-74.1818708278679,40.4382796191133],[-74.1818299362298,40.4382734389726],[-74.1816927753005,40.4382635362418],[-74.1816556519593,40.4382656297823]]}},{"type":"Feature","id":63324,"properties":{"OBJECTID":63324,"PRIMENAME":"Pine Street","ELEVTYP_F":0,"ELEVTYP_T":0},"geometry":{"type":"LineString","coordinates":[[-74.1751438957987,40.4464455563748],[-74.175161089681,40.4466007963478],[-74.175171572749,40.4466954567511],[-74.1751746457089,40.4467232050391],[-74.1747512458314,40.4470534367773]]}},{"type":"Feature","id":65485,"properties":{"OBJECTID":65485,"PRIMENAME":"Johnson Avenue","ELEVTYP_F":0,"ELEVTYP_T":0},"geometry":{"type":"LineString","coordinates":[[-74.183301616384,40.440300631125],[-74.1832023742511,40.4402638761212],[-74.1825548095795,40.4400237933497],[-74.182497329762,40.4399994776553]]}},{"type":"Feature","id":66238,"properties":{"OBJECTID":66238,"PRIMENAME":"Pine Street","ELEVTYP_F":0,"ELEVTYP_T":0},"geometry":{"type":"LineString","coordinates":[[-74.174176606651,40.4475016386426],[-74.1735794881289,40.4479672888416]]}},{"type":"Feature","id":67260,"properties":{"OBJECTID":67260,"PRIMENAME":"State Street","ELEVTYP_F":0,"ELEVTYP_T":0},"geometry":{"type":"LineString","coordinates":[[-74.1858417355412,40.4424104594153],[-74.1857120542867,40.4424821121143],[-74.1850922049457,40.4427484896708]]}},{"type":"Feature","id":67703,"properties":{"OBJECTID":67703,"PRIMENAME":"Isabella Avenue","ELEVTYP_F":0,"ELEVTYP_T":0},"geometry":{"type":"LineString","coordinates":[[-74.1583936248471,40.4391613831315],[-74.1584718514272,40.4391661985081],[-74.1592378908628,40.4392132594958]]}},{"type":"Feature","id":68655,"properties":{"OBJECTID":68655,"PRIMENAME":"Scholer Drive","ELEVTYP_F":0,"ELEVTYP_T":0},"geometry":{"type":"LineString","coordinates":[[-74.1782426604051,40.440518847393],[-74.1782014334042,40.4406183847562],[-74.1780718642284,40.4409312149502],[-74.1780405994619,40.4409549560904],[-74.1779656334292,40.4409738534452],[-74.1779094548633,40.4409783910708],[-74.1775792379483,40.4409012377941],[-74.1760538296494,40.4405422450475]]}},{"type":"Feature","id":69125,"properties":{"OBJECTID":69125,"PRIMENAME":"Spruce Street","ELEVTYP_F":0,"ELEVTYP_T":0},"geometry":{"type":"LineString","coordinates":[[-74.172190572604,40.4469396368518],[-74.1719913476886,40.4470907139691],[-74.1716074032654,40.4473946646093]]}},{"type":"Feature","id":69931,"properties":{"OBJECTID":69931,"PRIMENAME":"1st Street","ELEVTYP_F":0,"ELEVTYP_T":0},"geometry":{"type":"LineString","coordinates":[[-74.1892734463964,40.4399434961336],[-74.1889821598126,40.4400944093377],[-74.1883445200076,40.4403929571716],[-74.1882021410307,40.4404606759944]]}},{"type":"Feature","id":71403,"properties":{"OBJECTID":71403,"PRIMENAME":"Central Avenue","ELEVTYP_F":0,"ELEVTYP_T":0},"geometry":{"type":"LineString","coordinates":[[-74.1638718344723,40.4439829122426],[-74.1626015558476,40.4440585742864],[-74.1625083983404,40.4440633810625]]}},{"type":"Feature","id":71748,"properties":{"OBJECTID":71748,"PRIMENAME":"Florence Avenue","ELEVTYP_F":0,"ELEVTYP_T":0},"geometry":{"type":"LineString","coordinates":[[-74.1799019728318,40.445259500445],[-74.1789739492419,40.4459815365578],[-74.1787826933455,40.4461304788162]]}},{"type":"Feature","id":75184,"properties":{"OBJECTID":75184,"PRIMENAME":"Edmunds Avenue","ELEVTYP_F":0,"ELEVTYP_T":0},"geometry":{"type":"LineString","coordinates":[[-74.1774876093331,40.445173537472],[-74.1770488642517,40.4448554671389],[-74.1770449999713,40.4448520249112]]}},{"type":"Feature","id":75950,"properties":{"OBJECTID":75950,"PRIMENAME":"Ocean Avenue","ELEVTYP_F":0,"ELEVTYP_T":0},"geometry":{"type":"LineString","coordinates":[[-74.1672560610634,40.4385656178095],[-74.1672076535217,40.4380218561963],[-74.1671973726974,40.4379063916562]]}},{"type":"Feature","id":76582,"properties":{"OBJECTID":76582,"PRIMENAME":"Pine Street","ELEVTYP_F":0,"ELEVTYP_T":0},"geometry":{"type":"LineString","coordinates":[[-74.1750070674561,40.4452590195342],[-74.1750431025021,40.4455361337578],[-74.1750856296524,40.445919778383]]}},{"type":"Feature","id":77306,"properties":{"OBJECTID":77306,"PRIMENAME":"Florence Avenue","ELEVTYP_F":0,"ELEVTYP_T":0},"geometry":{"type":"LineString","coordinates":[[-74.1836905831488,40.439687138514],[-74.1835626068388,40.4398938281536],[-74.183301616384,40.440300631125]]}},{"type":"Feature","id":78672,"properties":{"OBJECTID":78672,"PRIMENAME":"Anderson Street","ELEVTYP_F":0,"ELEVTYP_T":0},"geometry":{"type":"LineString","coordinates":[[-74.1737862323972,40.4391699071165],[-74.1735110594723,40.43986038802],[-74.17348501815,40.4399257314962]]}},{"type":"Feature","id":79261,"properties":{"OBJECTID":79261,"PRIMENAME":"Scholer Drive","ELEVTYP_F":0,"ELEVTYP_T":0},"geometry":{"type":"LineString","coordinates":[[-74.17348501815,40.4399257314962],[-74.1733300232086,40.4398884809084],[-74.1727941119915,40.4397773242404]]}},{"type":"Feature","id":80860,"properties":{"OBJECTID":80860,"PRIMENAME":"Union Avenue","ELEVTYP_F":0,"ELEVTYP_T":0},"geometry":{"type":"LineString","coordinates":[[-74.1645341311235,40.4379652650389],[-74.1645400044205,40.4380122792417],[-74.1645467459704,40.4380510884373]]}},{"type":"Feature","id":81685,"properties":{"OBJECTID":81685,"PRIMENAME":"7th Street","ELEVTYP_F":0,"ELEVTYP_T":0},"geometry":{"type":"LineString","coordinates":[[-74.174176606651,40.4475016386426],[-74.1730974292223,40.4467030475991],[-74.1730477507329,40.4466552516449],[-74.1730105411057,40.4466074900378],[-74.1729796631285,40.4465359190484],[-74.1729615558212,40.4464167007944],[-74.1729129865253,40.4461401539368],[-74.172900957635,40.4460717659684]]}},{"type":"Feature","id":81887,"properties":{"OBJECTID":81887,"PRIMENAME":"2nd Street","ELEVTYP_F":0,"ELEVTYP_T":0},"geometry":{"type":"LineString","coordinates":[[-74.1706539801819,40.4502629123892],[-74.1696153368791,40.449485953346]]}},{"type":"Feature","id":82763,"properties":{"OBJECTID":82763,"PRIMENAME":"Stone Road","ELEVTYP_F":0,"ELEVTYP_T":0},"geometry":{"type":"LineString","coordinates":[[-74.1881311078524,40.4393343447723],[-74.1873957098582,40.4392120862971],[-74.187231470896,40.4391847814062],[-74.1870528318346,40.4391550821299],[-74.1867179675898,40.4390962793708]]}},{"type":"Feature","id":83468,"properties":{"OBJECTID":83468,"PRIMENAME":"Lorillard Avenue","ELEVTYP_F":0,"ELEVTYP_T":0},"geometry":{"type":"LineString","coordinates":[[-74.1685352811047,40.445052766819],[-74.1678547772654,40.4450891628198]]}},{"type":"Feature","id":84162,"properties":{"OBJECTID":84162,"PRIMENAME":"Union Avenue","ELEVTYP_F":0,"ELEVTYP_T":0},"geometry":{"type":"LineString","coordinates":[[-74.1658391849469,40.4438749119178],[-74.1656955300787,40.4432228243223]]}},{"type":"Feature","id":84940,"properties":{"OBJECTID":84940,"PRIMENAME":"Johnson Avenue","ELEVTYP_F":0,"ELEVTYP_T":0},"geometry":{"type":"LineString","coordinates":[[-74.182497329762,40.4399994776553],[-74.1822373288561,40.4398894788307],[-74.1817953187308,40.4397023891262],[-74.1817340444323,40.4396754552565]]}},{"type":"Feature","id":85636,"properties":{"OBJECTID":85636,"PRIMENAME":"Union Avenue","ELEVTYP_F":0,"ELEVTYP_T":0},"geometry":{"type":"LineString","coordinates":[[-74.1664207983706,40.4464836060224],[-74.166284538439,40.4458815063798],[-74.1662745178657,40.4458372227982]]}},{"type":"Feature","id":86436,"properties":{"OBJECTID":86436,"PRIMENAME":"Beachview Avenue","ELEVTYP_F":0,"ELEVTYP_T":0},"geometry":{"type":"LineString","coordinates":[[-74.1620904784464,40.4447971188954],[-74.1621244453533,40.4447373743689]]}},{"type":"Feature","id":87921,"properties":{"OBJECTID":87921,"PRIMENAME":"Poole Avenue","ELEVTYP_F":0,"ELEVTYP_T":0},"geometry":{"type":"LineString","coordinates":[[-74.1787031272644,40.4439901102873],[-74.1786958287446,40.4441268537694],[-74.1786761325063,40.444422259799]]}},{"type":"Feature","id":88008,"properties":{"OBJECTID":88008,"PRIMENAME":"Unnamed Segment","ELEVTYP_F":0,"ELEVTYP_T":0},"geometry":{"type":"LineString","coordinates":[[-74.1555356465653,40.4404825241038],[-74.1560811207195,40.4404553222808],[-74.1565163585815,40.4404598450438],[-74.1569056553646,40.4403576824619],[-74.1569464293376,40.4403555005291]]}},{"type":"Feature","id":88045,"properties":{"OBJECTID":88045,"PRIMENAME":"Vis Shores","ELEVTYP_F":0,"ELEVTYP_T":0},"geometry":{"type":"LineString","coordinates":[[-74.1726543430516,40.4527577277944],[-74.1726726471093,40.452743561267],[-74.1729948846268,40.4524941573743],[-74.1726048571349,40.4521922946309],[-74.1722746856739,40.4524478929557],[-74.1722542443243,40.4524637177387]]}},{"type":"Feature","id":88974,"properties":{"OBJECTID":88974,"PRIMENAME":"Stone Road","ELEVTYP_F":0,"ELEVTYP_T":0},"geometry":{"type":"LineString","coordinates":[[-74.1797400331855,40.4390125935468],[-74.1796869296568,40.4390205440742],[-74.1796120922893,40.4390203366989],[-74.1794126044203,40.4390007054353],[-74.1789078991959,40.4388849415689],[-74.1772942142646,40.4385039226153],[-74.1769168953504,40.4384148870971]]}},{"type":"Feature","id":90569,"properties":{"OBJECTID":90569,"PRIMENAME":"Jersey Avenue","ELEVTYP_F":0,"ELEVTYP_T":0},"geometry":{"type":"LineString","coordinates":[[-74.1676164293109,40.4424808034367],[-74.1670631405229,40.4425178631292],[-74.1667323297377,40.4425550402775],[-74.1664266173143,40.4425589076316],[-74.1663009197165,40.442569032806],[-74.1656840788661,40.4426187212223],[-74.1655611897975,40.4426277261143]]}},{"type":"Feature","id":90968,"properties":{"OBJECTID":90968,"PRIMENAME":"Unnamed Segment","ELEVTYP_F":0,"ELEVTYP_T":0},"geometry":{"type":"LineString","coordinates":[[-74.1569464293376,40.4403555005291],[-74.1569303940198,40.4396474283011]]}},{"type":"Feature","id":91494,"properties":{"OBJECTID":91494,"PRIMENAME":"Shore Road","ELEVTYP_F":0,"ELEVTYP_T":0},"geometry":{"type":"LineString","coordinates":[[-74.1636971183383,40.4420550332021],[-74.1636337079067,40.4413906042565]]}},{"type":"Feature","id":94293,"properties":{"OBJECTID":94293,"PRIMENAME":"Unnamed Segment","ELEVTYP_F":0,"ELEVTYP_T":0},"geometry":{"type":"LineString","coordinates":[[-74.1770135327699,40.4455414297032],[-74.1776635358949,40.4460244738745]]}},{"type":"Feature","id":101346,"properties":{"OBJECTID":101346,"PRIMENAME":"Ocean Avenue","ELEVTYP_F":0,"ELEVTYP_T":0},"geometry":{"type":"LineString","coordinates":[[-74.1678547772654,40.4450891628198],[-74.1678081285453,40.4445073866672],[-74.1678007696423,40.4444256145786]]}},{"type":"Feature","id":101437,"properties":{"OBJECTID":101437,"PRIMENAME":"Union Avenue","ELEVTYP_F":0,"ELEVTYP_T":0},"geometry":{"type":"LineString","coordinates":[[-74.1649736752761,40.4400049535452],[-74.1648282326004,40.4393544245836]]}},{"type":"Feature","id":102242,"properties":{"OBJECTID":102242,"PRIMENAME":"Jersey Avenue","ELEVTYP_F":0,"ELEVTYP_T":0},"geometry":{"type":"LineString","coordinates":[[-74.1637641488498,40.4427573282065],[-74.1617494343203,40.4428971877067],[-74.1615406663461,40.4429116785874],[-74.1610636203314,40.4429453364976],[-74.1597247897621,40.4430397892428],[-74.1597092990249,40.4430409514021]]}},{"type":"Feature","id":104392,"properties":{"OBJECTID":104392,"PRIMENAME":"Pine Street","ELEVTYP_F":0,"ELEVTYP_T":0},"geometry":{"type":"LineString","coordinates":[[-74.1706539801819,40.4502629123892],[-74.1700646821766,40.4507215928023],[-74.1699820772842,40.450785867865]]}},{"type":"Feature","id":107015,"properties":{"OBJECTID":107015,"PRIMENAME":"West Street","ELEVTYP_F":0,"ELEVTYP_T":0},"geometry":{"type":"LineString","coordinates":[[-74.1850922049457,40.4427484896708],[-74.1851924562995,40.442885773296],[-74.1857504408388,40.4436212354665]]}},{"type":"Feature","id":107783,"properties":{"OBJECTID":107783,"PRIMENAME":"Henry Street","ELEVTYP_F":0,"ELEVTYP_T":0},"geometry":{"type":"LineString","coordinates":[[-74.1807154363817,40.4475578217804],[-74.1791258538635,40.4488407581742]]}},{"type":"Feature","id":107997,"properties":{"OBJECTID":107997,"PRIMENAME":"Poole Avenue","ELEVTYP_F":0,"ELEVTYP_T":0},"geometry":{"type":"LineString","coordinates":[[-74.1786547374965,40.4447426420968],[-74.1786487782961,40.4448320346126],[-74.178593830687,40.4458899184782],[-74.1785888415484,40.4459869726977]]}},{"type":"Feature","id":108084,"properties":{"OBJECTID":108084,"PRIMENAME":"Locust Street","ELEVTYP_F":0,"ELEVTYP_T":0},"geometry":{"type":"LineString","coordinates":[[-74.1761069931625,40.4526259973455],[-74.1759598024837,40.4527550460341],[-74.1757060251101,40.4529775419883],[-74.1756310712945,40.453005936829],[-74.1755311391026,40.453019930575],[-74.1753626517777,40.4530242345125],[-74.1753420278472,40.4530222564339]]}},{"type":"Feature","id":109282,"properties":{"OBJECTID":109282,"PRIMENAME":"Stone Road","ELEVTYP_F":0,"ELEVTYP_T":0},"geometry":{"type":"LineString","coordinates":[[-74.1882256345579,40.4393434124904],[-74.1881311078524,40.4393343447723]]}},{"type":"Feature","id":109459,"properties":{"OBJECTID":109459,"PRIMENAME":"FR RT 36 SB to SEAGATE AVE","ELEVTYP_F":0,"ELEVTYP_T":0},"geometry":{"type":"LineString","coordinates":[[-74.1700834189423,40.4373943751215],[-74.1699967735506,40.4373554219438],[-74.1699365651999,40.4373322180108],[-74.1698654202757,40.4373047831343],[-74.169799689749,40.4372941083681],[-74.169750315906,40.4372960261984],[-74.1696844826314,40.4373063521847],[-74.169629575861,40.437322967902],[-74.1695773693239,40.4373458786749],[-74.1695388204528,40.4373750590884],[-74.1694974639986,40.4374273184547],[-74.1694725665785,40.4374712516185],[-74.1694695187813,40.4375361664003],[-74.1694718895886,40.4376094960366],[-74.1694787320096,40.4376942306444]]}},{"type":"Feature","id":110989,"properties":{"OBJECTID":110989,"PRIMENAME":"Johnson Avenue","ELEVTYP_F":0,"ELEVTYP_T":0},"geometry":{"type":"LineString","coordinates":[[-74.1850428763451,40.4409448860425],[-74.184419031036,40.440726432443],[-74.1842873445001,40.4406803195225]]}},{"type":"Feature","id":111422,"properties":{"OBJECTID":111422,"PRIMENAME":"Edmunds Avenue","ELEVTYP_F":0,"ELEVTYP_T":0},"geometry":{"type":"LineString","coordinates":[[-74.1785888415484,40.4459869726977],[-74.1781336822304,40.4456501113897]]}},{"type":"Feature","id":112128,"properties":{"OBJECTID":112128,"PRIMENAME":"Stone Road","ELEVTYP_F":0,"ELEVTYP_T":0},"geometry":{"type":"LineString","coordinates":[[-74.1818708278679,40.4382796191133],[-74.1816490876262,40.4382408873504]]}},{"type":"Feature","id":112501,"properties":{"OBJECTID":112501,"PRIMENAME":"Orchard Street","ELEVTYP_F":0,"ELEVTYP_T":0},"geometry":{"type":"LineString","coordinates":[[-74.1848012292447,40.4378816365882],[-74.1848940899037,40.4379150242604],[-74.1851743216625,40.4380159037275],[-74.1853984883175,40.4380975228909],[-74.1855540877826,40.4381599048136],[-74.1856537518642,40.4381983053265],[-74.185753425042,40.4382271815145],[-74.1858780317813,40.4382560965464],[-74.1861023772918,40.4382996132727],[-74.18638281969,40.4383480299261],[-74.1868441046381,40.4384160150498],[-74.1869466091505,40.4384310892726]]}},{"type":"Feature","id":112560,"properties":{"OBJECTID":112560,"PRIMENAME":"Morningside Avenue","ELEVTYP_F":0,"ELEVTYP_T":0},"geometry":{"type":"LineString","coordinates":[[-74.1725743885521,40.4404184912556],[-74.1724792142608,40.4403960407221],[-74.1722175615607,40.4403333414868],[-74.1720617709368,40.4403042944686],[-74.171943289373,40.4402944331565],[-74.1718372656883,40.4402941322453],[-74.1717227448095,40.4403014796525],[-74.171604073358,40.4403090934537],[-74.1714816027164,40.4403169503171],[-74.1697263946924,40.4404150021584]]}},{"type":"Feature","id":112773,"properties":{"OBJECTID":112773,"PRIMENAME":"FR RT 36 SB to ROSE LN","ELEVTYP_F":0,"ELEVTYP_T":0},"geometry":{"type":"LineString","coordinates":[[-74.1571663825485,40.4383421648387],[-74.1569321582767,40.4382948574343],[-74.1568355896348,40.4382798021449],[-74.1567342809759,40.4382499910392],[-74.1566431724687,40.4382210027022],[-74.156570284773,40.4381978126987],[-74.1563002067015,40.4381010118519],[-74.1560695338274,40.4380276379524],[-74.1559223713738,40.4379947797469]]}},{"type":"Feature","id":112969,"properties":{"OBJECTID":112969,"PRIMENAME":"2nd Street","ELEVTYP_F":0,"ELEVTYP_T":0},"geometry":{"type":"LineString","coordinates":[[-74.1721310305915,40.4513616836424],[-74.1707216843748,40.4503136157103],[-74.1706539801819,40.4502629123892]]}},{"type":"Feature","id":113784,"properties":{"OBJECTID":113784,"PRIMENAME":"Brown Avenue North","ELEVTYP_F":0,"ELEVTYP_T":0},"geometry":{"type":"LineString","coordinates":[[-74.1484501806931,40.4395735433938],[-74.148351556143,40.4395669056488],[-74.1475119885988,40.4395104032786]]}},{"type":"Feature","id":114627,"properties":{"OBJECTID":114627,"PRIMENAME":"Herbert Street","ELEVTYP_F":0,"ELEVTYP_T":0},"geometry":{"type":"LineString","coordinates":[[-74.1812030724992,40.4462205769916],[-74.1811468179132,40.4462632733133],[-74.1801513717163,40.4470182672456],[-74.1800718001518,40.4470825309481]]}},{"type":"Feature","id":115680,"properties":{"OBJECTID":115680,"PRIMENAME":"Aumack Avenue","ELEVTYP_F":0,"ELEVTYP_T":0},"geometry":{"type":"LineString","coordinates":[[-74.1713393514988,40.4390706522494],[-74.1713092278919,40.4390604146017],[-74.1712220269943,40.4390315902606],[-74.1711596802013,40.4390266638643],[-74.1709788200278,40.4390261492749],[-74.1697123423067,40.4390797195061],[-74.16960000852,40.4390916688256]]}},{"type":"Feature","id":116491,"properties":{"OBJECTID":116491,"PRIMENAME":"Broadway","ELEVTYP_F":0,"ELEVTYP_T":0},"geometry":{"type":"LineString","coordinates":[[-74.1859171595894,40.4412510294849],[-74.1853333406236,40.4413904054002],[-74.1845025469711,40.4416359456208],[-74.1844269615756,40.4416566854797]]}},{"type":"Feature","id":117292,"properties":{"OBJECTID":117292,"PRIMENAME":"Saint Johns Avenue","ELEVTYP_F":0,"ELEVTYP_T":0},"geometry":{"type":"LineString","coordinates":[[-74.18068363603,40.4444979882991],[-74.1808553216047,40.4445800755535],[-74.1814643743475,40.4448269253517]]}},{"type":"Feature","id":117532,"properties":{"OBJECTID":117532,"PRIMENAME":"7th Street","ELEVTYP_F":0,"ELEVTYP_T":0},"geometry":{"type":"LineString","coordinates":[[-74.175640342778,40.4486037054415],[-74.1743903608957,40.4476598948798],[-74.174176606651,40.4475016386426]]}},{"type":"Feature","id":118055,"properties":{"OBJECTID":118055,"PRIMENAME":"Ocean Avenue","ELEVTYP_F":0,"ELEVTYP_T":0},"geometry":{"type":"LineString","coordinates":[[-74.167437310116,40.4405358424617],[-74.1673790576099,40.4399477449432],[-74.1673731003201,40.4398807463765]]}},{"type":"Feature","id":118347,"properties":{"OBJECTID":118347,"PRIMENAME":"Aumack Avenue","ELEVTYP_F":0,"ELEVTYP_T":0},"geometry":{"type":"LineString","coordinates":[[-74.16960000852,40.4390916688256],[-74.1694939289772,40.4391029226099],[-74.1682336304156,40.439170796453],[-74.1674162798938,40.4392113553104],[-74.16731403589,40.4392170179534]]}},{"type":"Feature","id":119911,"properties":{"OBJECTID":119911,"PRIMENAME":"Ash Street","ELEVTYP_F":0,"ELEVTYP_T":0},"geometry":{"type":"LineString","coordinates":[[-74.1850124045295,40.4440339097737],[-74.1844545140132,40.443279338204],[-74.1843116698695,40.4430840148645]]}},{"type":"Feature","id":120087,"properties":{"OBJECTID":120087,"PRIMENAME":"Harris Avenue","ELEVTYP_F":0,"ELEVTYP_T":0},"geometry":{"type":"LineString","coordinates":[[-74.1599126354393,40.4411215629923],[-74.1599741849641,40.4405861098357],[-74.1600169808311,40.4402001300192]]}},{"type":"Feature","id":121155,"properties":{"OBJECTID":121155,"PRIMENAME":"Front Street","ELEVTYP_F":0,"ELEVTYP_T":0},"geometry":{"type":"LineString","coordinates":[[-74.1671766046953,40.4486666682201],[-74.1670181974875,40.4486111173393],[-74.1669496835026,40.4485870917982],[-74.1668626735733,40.4485248835194],[-74.1666513633455,40.44836222804]]}},{"type":"Feature","id":123005,"properties":{"OBJECTID":123005,"PRIMENAME":"FR RT 36 SB to UNION AVE","ELEVTYP_F":0,"ELEVTYP_T":0},"geometry":{"type":"LineString","coordinates":[[-74.1667724882898,40.4378418654196],[-74.1664289464559,40.4378430398272]]}},{"type":"Feature","id":123697,"properties":{"OBJECTID":123697,"PRIMENAME":"Broadway","ELEVTYP_F":0,"ELEVTYP_T":0},"geometry":{"type":"LineString","coordinates":[[-74.1844269615756,40.4416566854797],[-74.1842700001558,40.4416997361605],[-74.1835906685162,40.4418860628652],[-74.183567103462,40.441892559521]]}},{"type":"Feature","id":124995,"properties":{"OBJECTID":124995,"PRIMENAME":"Spruce Street","ELEVTYP_F":0,"ELEVTYP_T":0},"geometry":{"type":"LineString","coordinates":[[-74.171929452417,40.4434955433942],[-74.1720141742617,40.444154016343]]}},{"type":"Feature","id":125948,"properties":{"OBJECTID":125948,"PRIMENAME":"10th Street","ELEVTYP_F":0,"ELEVTYP_T":0},"geometry":{"type":"LineString","coordinates":[[-74.1767657921838,40.446739221943],[-74.1768772473552,40.4468232883676],[-74.1769517830412,40.4468806781923],[-74.1770076487071,40.4469427918901],[-74.1770634094747,40.4470192083006],[-74.1771191008828,40.4471098987023],[-74.1771994473884,40.4472674204209],[-74.1772414186528,40.4473496172583]]}},{"type":"Feature","id":125972,"properties":{"OBJECTID":125972,"PRIMENAME":"Pine Street","ELEVTYP_F":0,"ELEVTYP_T":0},"geometry":{"type":"LineString","coordinates":[[-74.1747514403333,40.4432932110417],[-74.1747604151433,40.4433620847102],[-74.1748372948646,40.4439534702263]]}},{"type":"Feature","id":129002,"properties":{"OBJECTID":129002,"PRIMENAME":"9th Street","ELEVTYP_F":0,"ELEVTYP_T":0},"geometry":{"type":"LineString","coordinates":[[-74.1768070778655,40.4476921241614],[-74.176872865133,40.447738344176],[-74.1774703826511,40.4481761899434]]}},{"type":"Feature","id":129951,"properties":{"OBJECTID":129951,"PRIMENAME":"Stone Road","ELEVTYP_F":0,"ELEVTYP_T":0},"geometry":{"type":"LineString","coordinates":[[-74.1899607288256,40.4396376090864],[-74.1897703686393,40.4396008900104],[-74.1886886924997,40.439392287967]]}},{"type":"Feature","id":130052,"properties":{"OBJECTID":130052,"PRIMENAME":"Wesley Avenue","ELEVTYP_F":0,"ELEVTYP_T":0},"geometry":{"type":"LineString","coordinates":[[-74.1582925505805,40.4400855146588],[-74.1583936248471,40.4391613831315]]}},{"type":"Feature","id":130208,"properties":{"OBJECTID":130208,"PRIMENAME":"Floyd Avenue","ELEVTYP_F":0,"ELEVTYP_T":0},"geometry":{"type":"LineString","coordinates":[[-74.1767657921838,40.446739221943],[-74.1768279416047,40.4466897083962],[-74.1776635358949,40.4460244738745]]}},{"type":"Feature","id":130390,"properties":{"OBJECTID":130390,"PRIMENAME":"Florence Avenue","ELEVTYP_F":0,"ELEVTYP_T":0},"geometry":{"type":"LineString","coordinates":[[-74.1787826933455,40.4461304788162],[-74.1785729710249,40.4462937264839]]}},{"type":"Feature","id":130671,"properties":{"OBJECTID":130671,"PRIMENAME":"Stone Road","ELEVTYP_F":0,"ELEVTYP_T":0},"geometry":{"type":"LineString","coordinates":[[-74.1760486775256,40.4382099478058],[-74.1757615087591,40.4381422162432],[-74.1751941608483,40.4380108315987]]}},{"type":"Feature","id":131035,"properties":{"OBJECTID":131035,"PRIMENAME":"5th Street","ELEVTYP_F":0,"ELEVTYP_T":0},"geometry":{"type":"LineString","coordinates":[[-74.1756624762747,40.4498653006942],[-74.1755650695331,40.4498650273622],[-74.1752218831465,40.4498688127588],[-74.1751356594219,40.4498575899092]]}},{"type":"Feature","id":131082,"properties":{"OBJECTID":131082,"PRIMENAME":"Florence Avenue","ELEVTYP_F":0,"ELEVTYP_T":0},"geometry":{"type":"LineString","coordinates":[[-74.1820713158073,40.4423044283149],[-74.1816077416851,40.4430673202239],[-74.1811739700894,40.4437714644438],[-74.1810105646024,40.4440283720591],[-74.1809215350903,40.4441584163452],[-74.1807467702416,40.4444136944822],[-74.18068363603,40.4444979882991]]}},{"type":"Feature","id":132701,"properties":{"OBJECTID":132701,"PRIMENAME":"Central Avenue","ELEVTYP_F":0,"ELEVTYP_T":0},"geometry":{"type":"LineString","coordinates":[[-74.171929452417,40.4434955433942],[-74.1705424297144,40.4435979733107]]}},{"type":"Feature","id":133547,"properties":{"OBJECTID":133547,"PRIMENAME":"Seagate Avenue","ELEVTYP_F":0,"ELEVTYP_T":0},"geometry":{"type":"LineString","coordinates":[[-74.1694854340057,40.4377782785618],[-74.1695421098298,40.4384349175082]]}},{"type":"Feature","id":134430,"properties":{"OBJECTID":134430,"PRIMENAME":"Spruce Street","ELEVTYP_F":0,"ELEVTYP_T":0},"geometry":{"type":"LineString","coordinates":[[-74.1720979060714,40.4448093845498],[-74.1721201236629,40.4449845604795],[-74.1721808684537,40.4454684007284]]}},{"type":"Feature","id":134681,"properties":{"OBJECTID":134681,"PRIMENAME":"Shore Road","ELEVTYP_F":0,"ELEVTYP_T":0},"geometry":{"type":"LineString","coordinates":[[-74.1639990017293,40.4452947229054],[-74.1640287062555,40.4455926034355],[-74.164060593658,40.4459502791439]]}},{"type":"Feature","id":134887,"properties":{"OBJECTID":134887,"PRIMENAME":"2nd Street","ELEVTYP_F":0,"ELEVTYP_T":0},"geometry":{"type":"LineString","coordinates":[[-74.1883872707121,40.439358917782],[-74.1884241881524,40.4393522318671],[-74.1885518117957,40.4393291204042],[-74.1887010787384,40.4393020880565],[-74.1887094901868,40.439300319334]]}},{"type":"Feature","id":135171,"properties":{"OBJECTID":135171,"PRIMENAME":"Jersey Avenue","ELEVTYP_F":0,"ELEVTYP_T":0},"geometry":{"type":"LineString","coordinates":[[-74.1738487594659,40.4420743183711],[-74.1738117789419,40.4421727105948],[-74.1737804184226,40.4422011993736],[-74.1737366492688,40.4422249310756],[-74.1736492943506,40.4422342096644],[-74.1734185071816,40.4422287818425],[-74.1728470865596,40.4422714415906],[-74.1721267924787,40.4423252135657],[-74.1718289336004,40.4423474553867]]}},{"type":"Feature","id":135330,"properties":{"OBJECTID":135330,"PRIMENAME":"8th Street","ELEVTYP_F":0,"ELEVTYP_T":0},"geometry":{"type":"LineString","coordinates":[[-74.1747512458314,40.4470534367773],[-74.1738973553876,40.4464050692498]]}},{"type":"Feature","id":135446,"properties":{"OBJECTID":135446,"PRIMENAME":"Florence Avenue","ELEVTYP_F":0,"ELEVTYP_T":0},"geometry":{"type":"LineString","coordinates":[[-74.175640342778,40.4486037054415],[-74.1753859138775,40.4488024537253],[-74.1750935644448,40.4490328558583]]}},{"type":"Feature","id":136080,"properties":{"OBJECTID":136080,"PRIMENAME":"Harrison Avenue","ELEVTYP_F":0,"ELEVTYP_T":0},"geometry":{"type":"LineString","coordinates":[[-74.182497329762,40.4399994776553],[-74.1818961806666,40.4408131359208],[-74.1815130829379,40.4413506254871],[-74.1814362476548,40.4413650761893]]}},{"type":"Feature","id":139104,"properties":{"OBJECTID":139104,"PRIMENAME":"Florence Avenue","ELEVTYP_F":0,"ELEVTYP_T":0},"geometry":{"type":"LineString","coordinates":[[-74.175057781698,40.4490610578234],[-74.1744739069888,40.4495212315278]]}},{"type":"Feature","id":139206,"properties":{"OBJECTID":139206,"PRIMENAME":"Columbia Avenue","ELEVTYP_F":0,"ELEVTYP_T":0},"geometry":{"type":"LineString","coordinates":[[-74.1676766931802,40.4431062954735],[-74.168738462994,40.4430564438011],[-74.1692938015252,40.4430199034309]]}},{"type":"Feature","id":139264,"properties":{"OBJECTID":139264,"PRIMENAME":"Florence Avenue","ELEVTYP_F":0,"ELEVTYP_T":0},"geometry":{"type":"LineString","coordinates":[[-74.1772414186528,40.4473496172583],[-74.1770453401537,40.4475060103239],[-74.1768070778655,40.4476921241614]]}},{"type":"Feature","id":139365,"properties":{"OBJECTID":139365,"PRIMENAME":"Florence Avenue","ELEVTYP_F":0,"ELEVTYP_T":0},"geometry":{"type":"LineString","coordinates":[[-74.1851757551943,40.4372850367524],[-74.1848012292447,40.4378816365882]]}},{"type":"Feature","id":139550,"properties":{"OBJECTID":139550,"PRIMENAME":"Shore Road","ELEVTYP_F":0,"ELEVTYP_T":0},"geometry":{"type":"LineString","coordinates":[[-74.1637854154784,40.4430898004263],[-74.1638085154407,40.4433285584181]]}},{"type":"Feature","id":140007,"properties":{"OBJECTID":140007,"PRIMENAME":"1st Street","ELEVTYP_F":0,"ELEVTYP_T":0},"geometry":{"type":"LineString","coordinates":[[-74.1899607288256,40.4396376090864],[-74.189788591726,40.4397009999479],[-74.1893572876962,40.4399000179251],[-74.1892734463964,40.4399434961336]]}},{"type":"Feature","id":140362,"properties":{"OBJECTID":140362,"PRIMENAME":"Brown Avenue","ELEVTYP_F":0,"ELEVTYP_T":0},"geometry":{"type":"LineString","coordinates":[[-74.1467971054954,40.4397593906192],[-74.1468600004471,40.4405669711259],[-74.1468880060495,40.4409003199745]]}},{"type":"Feature","id":140365,"properties":{"OBJECTID":140365,"PRIMENAME":"Scholer Drive","ELEVTYP_F":0,"ELEVTYP_T":0},"geometry":{"type":"LineString","coordinates":[[-74.1751999557059,40.4403379151319],[-74.1747525489769,40.4402303926616]]}},{"type":"Feature","id":140415,"properties":{"OBJECTID":140415,"PRIMENAME":"Heckelman Street","ELEVTYP_F":0,"ELEVTYP_T":0},"geometry":{"type":"LineString","coordinates":[[-74.1760486775256,40.4382099478058],[-74.1760072927645,40.438313735901],[-74.1757221580436,40.4390286250213],[-74.1752306870412,40.440260807691],[-74.1751999557059,40.4403379151319]]}},{"type":"Feature","id":141150,"properties":{"OBJECTID":141150,"PRIMENAME":"Wilson Avenue","ELEVTYP_F":0,"ELEVTYP_T":0},"geometry":{"type":"LineString","coordinates":[[-74.1744289371572,40.4408561725314],[-74.1743621479241,40.4408705612625],[-74.1743360144096,40.4408881662901],[-74.1743167452927,40.4409349992732],[-74.1742061898759,40.4412041679513]]}},{"type":"Feature","id":145407,"properties":{"OBJECTID":145407,"PRIMENAME":"FR RT 36 SB to UNION AVE","ELEVTYP_F":0,"ELEVTYP_T":0},"geometry":{"type":"LineString","coordinates":[[-74.1664289464559,40.4378430398272],[-74.1663242848258,40.437843397062],[-74.1659045149641,40.4378448281117]]}},{"type":"Feature","id":146064,"properties":{"OBJECTID":146064,"PRIMENAME":"Oak Street","ELEVTYP_F":0,"ELEVTYP_T":0},"geometry":{"type":"LineString","coordinates":[[-74.1776976211368,40.4492520988155],[-74.1773277748834,40.4495441697091]]}},{"type":"Feature","id":148122,"properties":{"OBJECTID":148122,"PRIMENAME":"Ocean Avenue","ELEVTYP_F":0,"ELEVTYP_T":0},"geometry":{"type":"LineString","coordinates":[[-74.1677420110458,40.4437711940628],[-74.1677134994942,40.443453855007],[-74.1676836967421,40.4431725557699],[-74.1676766931802,40.4431062954735]]}},{"type":"Feature","id":149167,"properties":{"OBJECTID":149167,"PRIMENAME":"Saint Johns Avenue","ELEVTYP_F":0,"ELEVTYP_T":0},"geometry":{"type":"LineString","coordinates":[[-74.1814643743475,40.4448269253517],[-74.1815712172429,40.4448702341912],[-74.1816958668762,40.4449207601437],[-74.1822159974487,40.4451597290909]]}},{"type":"Feature","id":149246,"properties":{"OBJECTID":149246,"PRIMENAME":"Dibling Street","ELEVTYP_F":0,"ELEVTYP_T":0},"geometry":{"type":"LineString","coordinates":[[-74.1791533553583,40.4407371193484],[-74.1790397698122,40.4407099019657],[-74.1783357180763,40.4405411494962],[-74.1782426604051,40.440518847393]]}},{"type":"Feature","id":149532,"properties":{"OBJECTID":149532,"PRIMENAME":"Seagate Avenue","ELEVTYP_F":0,"ELEVTYP_T":0},"geometry":{"type":"LineString","coordinates":[[-74.1697263946924,40.4404150021584],[-74.1697366480986,40.4404857190028],[-74.1697839644581,40.4410148723728],[-74.1697886983205,40.4410678947985]]}},{"type":"Feature","id":150636,"properties":{"OBJECTID":150636,"PRIMENAME":"Central Avenue","ELEVTYP_F":0,"ELEVTYP_T":0},"geometry":{"type":"LineString","coordinates":[[-74.1747514403333,40.4432932110417],[-74.1743426619448,40.4433227792245],[-74.1734927317768,40.4433835409434],[-74.1720338320416,40.4434878238789],[-74.171929452417,40.4434955433942]]}},{"type":"Feature","id":150802,"properties":{"OBJECTID":150802,"PRIMENAME":"4th Street","ELEVTYP_F":0,"ELEVTYP_T":0},"geometry":{"type":"LineString","coordinates":[[-74.171823963377,40.4493460934723],[-74.1711468792463,40.4488421638082],[-74.1709913716027,40.448751158604]]}},{"type":"Feature","id":151223,"properties":{"OBJECTID":151223,"PRIMENAME":"Jersey Avenue","ELEVTYP_F":0,"ELEVTYP_T":0},"geometry":{"type":"LineString","coordinates":[[-74.1757218173307,40.4419016195008],[-74.1741703839509,40.4415350896688],[-74.1740790094065,40.4415138039815]]}},{"type":"Feature","id":151237,"properties":{"OBJECTID":151237,"PRIMENAME":"Union Avenue","ELEVTYP_F":0,"ELEVTYP_T":0},"geometry":{"type":"LineString","coordinates":[[-74.1651164822892,40.4406512740391],[-74.1650532853559,40.4403611761887],[-74.1649736752761,40.4400049535452]]}},{"type":"Feature","id":151594,"properties":{"OBJECTID":151594,"PRIMENAME":"Morningside Avenue","ELEVTYP_F":0,"ELEVTYP_T":0},"geometry":{"type":"LineString","coordinates":[[-74.167437310116,40.4405358424617],[-74.1663341885445,40.4405929193235],[-74.1663106855339,40.4405940151118],[-74.1656604016479,40.4406242990062],[-74.1651164822892,40.4406512740391]]}},{"type":"Feature","id":152555,"properties":{"OBJECTID":152555,"PRIMENAME":"Victoria Place","ELEVTYP_F":0,"ELEVTYP_T":0},"geometry":{"type":"LineString","coordinates":[[-74.1786761325063,40.444422259799],[-74.1787538771395,40.4444169855729],[-74.1801703384845,40.4443208250567],[-74.1802576982067,40.4443258427982],[-74.1803387390384,40.4443451181222],[-74.1804943127852,40.4444075067269],[-74.18068363603,40.4444979882991]]}},{"type":"Feature","id":152852,"properties":{"OBJECTID":152852,"PRIMENAME":"Rose Lane","ELEVTYP_F":0,"ELEVTYP_T":0},"geometry":{"type":"LineString","coordinates":[[-74.1555024806849,40.446347199205],[-74.1555084811948,40.4460991994255],[-74.1555264794378,40.4452811981872]]}},{"type":"Feature","id":152912,"properties":{"OBJECTID":152912,"PRIMENAME":"3rd Street","ELEVTYP_F":0,"ELEVTYP_T":0},"geometry":{"type":"LineString","coordinates":[[-74.171237435834,40.4498070934511],[-74.1709063430501,40.449556370343]]}},{"type":"Feature","id":153328,"properties":{"OBJECTID":153328,"PRIMENAME":"West Street","ELEVTYP_F":0,"ELEVTYP_T":0},"geometry":{"type":"LineString","coordinates":[[-74.1844269615756,40.4416566854797],[-74.1844678960811,40.4417542769751],[-74.1845419121875,40.4419308276858],[-74.1845851124318,40.4420357835383],[-74.1846717528584,40.4421790422584],[-74.1847584962114,40.4423079161862],[-74.1848824410194,40.4424798537328],[-74.1850250847954,40.4426565641397],[-74.1850922049457,40.4427484896708]]}},{"type":"Feature","id":153998,"properties":{"OBJECTID":153998,"PRIMENAME":"State Street","ELEVTYP_F":0,"ELEVTYP_T":0},"geometry":{"type":"LineString","coordinates":[[-74.1865373115155,40.4420839998047],[-74.1861371729817,40.4422542733171],[-74.1860810335449,40.4422781616436],[-74.1858417355412,40.4424104594153]]}},{"type":"Feature","id":154315,"properties":{"OBJECTID":154315,"PRIMENAME":"Bayview Avenue","ELEVTYP_F":0,"ELEVTYP_T":0},"geometry":{"type":"LineString","coordinates":[[-74.164060593658,40.4459502791439],[-74.1638373051662,40.4459663756219],[-74.1635378425025,40.445975029574],[-74.1634568164101,40.4459604645684],[-74.1632947888034,40.4459266664516],[-74.1628525314642,40.4457919353531],[-74.1623605934775,40.4456189280575],[-74.1617418214644,40.4454097229349]]}},{"type":"Feature","id":155182,"properties":{"OBJECTID":155182,"PRIMENAME":"Poole Avenue","ELEVTYP_F":0,"ELEVTYP_T":0},"geometry":{"type":"LineString","coordinates":[[-74.1801576638161,40.4379811053523],[-74.1801030344613,40.4380686891002],[-74.1800085085489,40.4382733806282],[-74.1798252173263,40.438778037311],[-74.1797400331855,40.4390125935468]]}},{"type":"Feature","id":155401,"properties":{"OBJECTID":155401,"PRIMENAME":"Dibling Street","ELEVTYP_F":0,"ELEVTYP_T":0},"geometry":{"type":"LineString","coordinates":[[-74.1763620788464,40.4397824537968],[-74.1764866115355,40.439811571472],[-74.1781377362369,40.440197454053],[-74.1782187121863,40.4402215076805],[-74.1782559913854,40.4402549648074],[-74.1782869365869,40.4402979303561],[-74.1783054631967,40.4403456653494],[-74.1782927102631,40.44039806237],[-74.1782426604051,40.440518847393]]}},{"type":"Feature","id":156010,"properties":{"OBJECTID":156010,"PRIMENAME":"Poole Avenue","ELEVTYP_F":0,"ELEVTYP_T":0},"geometry":{"type":"LineString","coordinates":[[-74.1785888415484,40.4459869726977],[-74.1785820340307,40.4461185424228],[-74.1785729710249,40.4462937264839]]}},{"type":"Feature","id":156518,"properties":{"OBJECTID":156518,"PRIMENAME":"Raritan Street","ELEVTYP_F":0,"ELEVTYP_T":0},"geometry":{"type":"LineString","coordinates":[[-74.181370090197,40.4480456014952],[-74.1808557153116,40.4484547474085]]}},{"type":"Feature","id":156628,"properties":{"OBJECTID":156628,"PRIMENAME":"Stone Road","ELEVTYP_F":0,"ELEVTYP_T":0},"geometry":{"type":"LineString","coordinates":[[-74.1816556519593,40.4382656297823],[-74.1816116643294,40.4382680889797],[-74.1814993019269,40.4382868307033],[-74.1812744192976,40.4383576955901],[-74.1805992924663,40.4386703995728],[-74.1800616856279,40.4389166906353],[-74.1799054653177,40.4389782158832],[-74.1798305600171,40.4389923385343],[-74.1797493813682,40.4390111919296],[-74.1797400331855,40.4390125935468]]}},{"type":"Feature","id":156776,"properties":{"OBJECTID":156776,"PRIMENAME":"Wesley Avenue","ELEVTYP_F":0,"ELEVTYP_T":0},"geometry":{"type":"LineString","coordinates":[[-74.1591403932882,40.440142865587],[-74.1582925505805,40.4400855146588]]}},{"type":"Feature","id":157392,"properties":{"OBJECTID":157392,"PRIMENAME":"Shore Road","ELEVTYP_F":0,"ELEVTYP_T":0},"geometry":{"type":"LineString","coordinates":[[-74.1634393796366,40.4394178403054],[-74.1634000044712,40.4389934048686],[-74.1633794556539,40.4387719211018]]}},{"type":"Feature","id":157621,"properties":{"OBJECTID":157621,"PRIMENAME":"Florence Avenue","ELEVTYP_F":0,"ELEVTYP_T":0},"geometry":{"type":"LineString","coordinates":[[-74.18068363603,40.4444979882991],[-74.1805081880279,40.444732351346],[-74.1803827505849,40.4448844980139],[-74.179944456355,40.4452264286453],[-74.1799019728318,40.445259500445]]}},{"type":"Feature","id":157869,"properties":{"OBJECTID":157869,"PRIMENAME":"Lorillard Avenue","ELEVTYP_F":0,"ELEVTYP_T":0},"geometry":{"type":"LineString","coordinates":[[-74.1749225957431,40.4446095811772],[-74.1746669575781,40.4446295605155],[-74.1737184973211,40.4446935950531],[-74.1721833787553,40.444803670133],[-74.1720979060714,40.4448093845498]]}},{"type":"Feature","id":158266,"properties":{"OBJECTID":158266,"PRIMENAME":"Oak Street","ELEVTYP_F":0,"ELEVTYP_T":0},"geometry":{"type":"LineString","coordinates":[[-74.1783022405507,40.4487857241907],[-74.1783026294044,40.448786010775],[-74.1777766853489,40.4491896744646],[-74.1776976211368,40.4492520988155]]}},{"type":"Feature","id":158477,"properties":{"OBJECTID":158477,"PRIMENAME":"7th Street","ELEVTYP_F":0,"ELEVTYP_T":0},"geometry":{"type":"LineString","coordinates":[[-74.1771004512176,40.4496849810143],[-74.1770507717778,40.4496594856849],[-74.1757080823353,40.4486548454695],[-74.175640342778,40.4486037054415]]}},{"type":"Feature","id":159254,"properties":{"OBJECTID":159254,"PRIMENAME":"Stone Road","ELEVTYP_F":0,"ELEVTYP_T":0},"geometry":{"type":"LineString","coordinates":[[-74.1751941608483,40.4380108315987],[-74.1750848110226,40.4379855162689]]}},{"type":"Feature","id":161361,"properties":{"OBJECTID":161361,"PRIMENAME":"Jersey Avenue","ELEVTYP_F":0,"ELEVTYP_T":0},"geometry":{"type":"LineString","coordinates":[[-74.1693407149544,40.4423623534618],[-74.1681551249081,40.4424447430466],[-74.1676164293109,40.4424808034367]]}},{"type":"Feature","id":161911,"properties":{"OBJECTID":161911,"PRIMENAME":"Newark Avenue","ELEVTYP_F":0,"ELEVTYP_T":0},"geometry":{"type":"LineString","coordinates":[[-74.1809969926119,40.4393516370954],[-74.1812226321332,40.4390439229109],[-74.1815196642711,40.4386388431967],[-74.1815635856077,40.4385817825854],[-74.1815826999853,40.4385055753881],[-74.1816333537329,40.4383388912417],[-74.1816556519593,40.4382656297823]]}},{"type":"Feature","id":164484,"properties":{"OBJECTID":164484,"PRIMENAME":"Ocean Avenue","ELEVTYP_F":0,"ELEVTYP_T":0},"geometry":{"type":"LineString","coordinates":[[-74.16731403589,40.4392170179534],[-74.167295138253,40.4390046802157],[-74.1672560610634,40.4385656178095]]}},{"type":"Feature","id":165948,"properties":{"OBJECTID":165948,"PRIMENAME":"Brook Avenue","ELEVTYP_F":0,"ELEVTYP_T":0},"geometry":{"type":"LineString","coordinates":[[-74.1641788464008,40.4472783963323],[-74.1632815214417,40.4473325560538],[-74.1632066988188,40.4473275620089],[-74.1631256709074,40.447313050806],[-74.16276440744,40.4471976074798],[-74.1624094569106,40.4470774594151]]}},{"type":"Feature","id":166024,"properties":{"OBJECTID":166024,"PRIMENAME":"Highland Avenue","ELEVTYP_F":0,"ELEVTYP_T":0},"geometry":{"type":"LineString","coordinates":[[-74.1872008402837,40.4380343611959],[-74.1870505964222,40.4382735796594],[-74.1869466091505,40.4384310892726]]}},{"type":"Feature","id":167464,"properties":{"OBJECTID":167464,"PRIMENAME":"Bayview Avenue","ELEVTYP_F":0,"ELEVTYP_T":0},"geometry":{"type":"LineString","coordinates":[[-74.1676389852149,40.4457557777207],[-74.1676186467868,40.4457580816195],[-74.1663956032431,40.4458308193015],[-74.1662847601362,40.4458366804601],[-74.1662745178657,40.4458372227982]]}},{"type":"Feature","id":167868,"properties":{"OBJECTID":167868,"PRIMENAME":"Pine Street","ELEVTYP_F":0,"ELEVTYP_T":0},"geometry":{"type":"LineString","coordinates":[[-74.1729925929649,40.4484276114384],[-74.1724102307397,40.448885307689]]}},{"type":"Feature","id":167979,"properties":{"OBJECTID":167979,"PRIMENAME":"Rose Lane","ELEVTYP_F":0,"ELEVTYP_T":0},"geometry":{"type":"LineString","coordinates":[[-74.1558131449516,40.4384725462868],[-74.1557739778093,40.4385862992731],[-74.1556416940425,40.438970555646],[-74.1556367478057,40.438984925919]]}},{"type":"Feature","id":168866,"properties":{"OBJECTID":168866,"PRIMENAME":"Lorillard Avenue","ELEVTYP_F":0,"ELEVTYP_T":0},"geometry":{"type":"LineString","coordinates":[[-74.1620904784464,40.4447971188954],[-74.1608284441702,40.4443727016512]]}},{"type":"Feature","id":169698,"properties":{"OBJECTID":169698,"PRIMENAME":"Patterson Avenue","ELEVTYP_F":0,"ELEVTYP_T":0},"geometry":{"type":"LineString","coordinates":[[-74.1593293506157,40.4383406251229],[-74.159317533081,40.4384538006413],[-74.1592622172936,40.4389812833468],[-74.1592378908628,40.4392132594958]]}},{"type":"Feature","id":169844,"properties":{"OBJECTID":169844,"PRIMENAME":"Park Avenue","ELEVTYP_F":0,"ELEVTYP_T":0},"geometry":{"type":"LineString","coordinates":[[-74.1767751629147,40.4438153599794],[-74.1786288123212,40.4436753367783],[-74.1787202878791,40.4436683994368]]}},{"type":"Feature","id":169994,"properties":{"OBJECTID":169994,"PRIMENAME":"Rose Lane","ELEVTYP_F":0,"ELEVTYP_T":0},"geometry":{"type":"LineString","coordinates":[[-74.1563156271637,40.4375719997113],[-74.1559403178419,40.4379498435297],[-74.1559223713738,40.4379947797469]]}},{"type":"Feature","id":170178,"properties":{"OBJECTID":170178,"PRIMENAME":"Jersey Avenue","ELEVTYP_F":0,"ELEVTYP_T":0},"geometry":{"type":"LineString","coordinates":[[-74.1757218173307,40.4419016195008],[-74.1759711164219,40.4419500298672],[-74.1760771211356,40.4419550760054],[-74.1761746161771,40.4419490626822]]}},{"type":"Feature","id":171639,"properties":{"OBJECTID":171639,"PRIMENAME":"Poole Avenue","ELEVTYP_F":0,"ELEVTYP_T":0},"geometry":{"type":"LineString","coordinates":[[-74.1788172755257,40.4417412416146],[-74.1788128600682,40.4418390135159],[-74.1787973547616,40.4421824155651]]}},{"type":"Feature","id":171781,"properties":{"OBJECTID":171781,"PRIMENAME":"Prospect Avenue","ELEVTYP_F":0,"ELEVTYP_T":0},"geometry":{"type":"LineString","coordinates":[[-74.172900957635,40.4460717659684],[-74.1723516980588,40.4461099331806],[-74.1722625081458,40.4461185192225]]}},{"type":"Feature","id":172845,"properties":{"OBJECTID":172845,"PRIMENAME":"Florence Avenue","ELEVTYP_F":0,"ELEVTYP_T":0},"geometry":{"type":"LineString","coordinates":[[-74.1733020734834,40.4504410648625],[-74.1727682578697,40.450858683766],[-74.1727120201486,40.4509030511722]]}},{"type":"Feature","id":172997,"properties":{"OBJECTID":172997,"PRIMENAME":"Florence Avenue","ELEVTYP_F":0,"ELEVTYP_T":0},"geometry":{"type":"LineString","coordinates":[[-74.176222848617,40.448148599718],[-74.175640342778,40.4486037054415]]}},{"type":"Feature","id":173331,"properties":{"OBJECTID":173331,"PRIMENAME":"Willow Street","ELEVTYP_F":0,"ELEVTYP_T":0},"geometry":{"type":"LineString","coordinates":[[-74.1608748996798,40.4402550003889],[-74.1607992215593,40.4402501391763],[-74.1600169808311,40.4402001300192]]}},{"type":"Feature","id":174974,"properties":{"OBJECTID":174974,"PRIMENAME":"Union Avenue","ELEVTYP_F":0,"ELEVTYP_T":0},"geometry":{"type":"LineString","coordinates":[[-74.1659836890572,40.444530074696],[-74.1659076381549,40.4441858876479],[-74.1658391849469,40.4438749119178]]}},{"type":"Feature","id":175780,"properties":{"OBJECTID":175780,"PRIMENAME":"Park Avenue","ELEVTYP_F":0,"ELEVTYP_T":0},"geometry":{"type":"LineString","coordinates":[[-74.1621244453533,40.4447373743689],[-74.1622676333308,40.4447296122787],[-74.1638525179252,40.4446436688135],[-74.1639353965685,40.4446393525445]]}},{"type":"Feature","id":176032,"properties":{"OBJECTID":176032,"PRIMENAME":"Patterson Avenue","ELEVTYP_F":0,"ELEVTYP_T":0},"geometry":{"type":"LineString","coordinates":[[-74.1592378908628,40.4392132594958],[-74.1591471499089,40.4400784565039],[-74.1591403932882,40.440142865587]]}},{"type":"Feature","id":177136,"properties":{"OBJECTID":177136,"PRIMENAME":"2nd Street","ELEVTYP_F":0,"ELEVTYP_T":0},"geometry":{"type":"LineString","coordinates":[[-74.1887094901868,40.439300319334],[-74.1889695440468,40.4392456290475],[-74.1891009656003,40.4391958232353],[-74.1891069936218,40.4391935383122],[-74.1893569591446,40.4390894010334],[-74.1894086925072,40.4390662053631],[-74.1898007607278,40.4388904156576],[-74.190075715037,40.4387815389523],[-74.1903069731407,40.4386820706087],[-74.1904756057194,40.4386301167072],[-74.1906380007515,40.4385829228601],[-74.1908690309374,40.438540607366],[-74.1910812352675,40.4384982951447],[-74.1912934893907,40.4384607587581],[-74.1914745281756,40.4384373867994],[-74.1920485216583,40.4383959828079],[-74.1925746947679,40.4383620258928]]}},{"type":"Feature","id":180305,"properties":{"OBJECTID":180305,"PRIMENAME":"Syoney Avenue","ELEVTYP_F":0,"ELEVTYP_T":0},"geometry":{"type":"LineString","coordinates":[[-74.1740790094065,40.4415138039815],[-74.1738487594659,40.4420743183711]]}},{"type":"Feature","id":181235,"properties":{"OBJECTID":181235,"PRIMENAME":"Henry Street","ELEVTYP_F":0,"ELEVTYP_T":0},"geometry":{"type":"LineString","coordinates":[[-74.1818339412151,40.4466908846556],[-74.1817683772068,40.4467415443149],[-74.1807853772001,40.4475013548898],[-74.1807154363817,40.4475578217804]]}},{"type":"Feature","id":183285,"properties":{"OBJECTID":183285,"PRIMENAME":"Shore Road","ELEVTYP_F":0,"ELEVTYP_T":0},"geometry":{"type":"LineString","coordinates":[[-74.1637641488498,40.4427573282065],[-74.1637562951858,40.4426750878715],[-74.1636971183383,40.4420550332021]]}},{"type":"Feature","id":184429,"properties":{"OBJECTID":184429,"PRIMENAME":"Front Street","ELEVTYP_F":0,"ELEVTYP_T":0},"geometry":{"type":"LineString","coordinates":[[-74.1714594400745,40.4518796535584],[-74.1713467054453,40.4517979884497],[-74.1710366845542,40.4515734099533],[-74.1705456607077,40.451200291564],[-74.1699820772842,40.450785867865]]}},{"type":"Feature","id":186379,"properties":{"OBJECTID":186379,"PRIMENAME":"Harris Avenue","ELEVTYP_F":0,"ELEVTYP_T":0},"geometry":{"type":"LineString","coordinates":[[-74.1597092990249,40.4430409514021],[-74.1597189951325,40.4429492373075],[-74.1598578035716,40.4416334796266],[-74.1599024518973,40.4412102288379],[-74.1599126354393,40.4411215629923]]}},{"type":"Feature","id":187278,"properties":{"OBJECTID":187278,"PRIMENAME":"Washington Avenue","ELEVTYP_F":0,"ELEVTYP_T":0},"geometry":{"type":"LineString","coordinates":[[-74.1646806915755,40.4387004578474],[-74.1654604330218,40.43865761464],[-74.1663204756981,40.4386138766778],[-74.1671449766172,40.4385719411468],[-74.1672560610634,40.4385656178095]]}},{"type":"Feature","id":188126,"properties":{"OBJECTID":188126,"PRIMENAME":"Maple Street","ELEVTYP_F":0,"ELEVTYP_T":0},"geometry":{"type":"LineString","coordinates":[[-74.1766974199202,40.4431531218629],[-74.1766449204045,40.4427456926977],[-74.1766286781267,40.4426196343955],[-74.1766230783595,40.4425761854275],[-74.1766139683235,40.4425053895509]]}},{"type":"Feature","id":188878,"properties":{"OBJECTID":188878,"PRIMENAME":"Jersey Avenue","ELEVTYP_F":0,"ELEVTYP_T":0},"geometry":{"type":"LineString","coordinates":[[-74.1655611897975,40.4426277261143],[-74.1643736270562,40.4427150120989],[-74.1637641488498,40.4427573282065]]}},{"type":"Feature","id":188924,"properties":{"OBJECTID":188924,"PRIMENAME":"Spruce Street","ELEVTYP_F":0,"ELEVTYP_T":0},"geometry":{"type":"LineString","coordinates":[[-74.1725743885521,40.4404184912556],[-74.1725411133324,40.440501053155],[-74.1719981106257,40.4418482629185],[-74.1718781324073,40.4421529363827],[-74.1718402308609,40.4422481406985],[-74.1718289336004,40.4423474553867]]}},{"type":"Feature","id":188967,"properties":{"OBJECTID":188967,"PRIMENAME":"Johnson Avenue","ELEVTYP_F":0,"ELEVTYP_T":0},"geometry":{"type":"LineString","coordinates":[[-74.1859171595894,40.4412510294849],[-74.1856719109504,40.4411651534604],[-74.1850428763451,40.4409448860425]]}},{"type":"Feature","id":189539,"properties":{"OBJECTID":189539,"PRIMENAME":"Harris Avenue","ELEVTYP_F":0,"ELEVTYP_T":0},"geometry":{"type":"LineString","coordinates":[[-74.1600169808311,40.4402001300192],[-74.1600787474124,40.4396427711162],[-74.1601195116813,40.4392674361812]]}},{"type":"Feature","id":190960,"properties":{"OBJECTID":190960,"PRIMENAME":"Union Avenue","ELEVTYP_F":0,"ELEVTYP_T":0},"geometry":{"type":"LineString","coordinates":[[-74.1654059356292,40.4419610015118],[-74.1653399022019,40.4416773730653],[-74.1652604404841,40.4413122573184]]}},{"type":"Feature","id":191501,"properties":{"OBJECTID":191501,"PRIMENAME":"Arlington Avenue","ELEVTYP_F":0,"ELEVTYP_T":0},"geometry":{"type":"LineString","coordinates":[[-74.1824993876102,40.438385882493],[-74.1824811181702,40.4384508368734],[-74.1823859709552,40.4387889709753],[-74.1823482431098,40.4388508250064],[-74.1822477178889,40.4390030423164],[-74.1822142566972,40.4390466529683],[-74.1817769693494,40.4396165797454],[-74.1817340444323,40.4396754552565]]}},{"type":"Feature","id":191683,"properties":{"OBJECTID":191683,"PRIMENAME":"Central Avenue","ELEVTYP_F":0,"ELEVTYP_T":0},"geometry":{"type":"LineString","coordinates":[[-74.1787555549842,40.4430079312114],[-74.1786482670345,40.4430155118167],[-74.1766974199202,40.4431531218629]]}},{"type":"Feature","id":192028,"properties":{"OBJECTID":192028,"PRIMENAME":"Bay Avenue","ELEVTYP_F":0,"ELEVTYP_T":0},"geometry":{"type":"LineString","coordinates":[[-74.1799019728318,40.445259500445],[-74.1799661007551,40.445306812002],[-74.1805397924289,40.4457299164352]]}},{"type":"Feature","id":192331,"properties":{"OBJECTID":192331,"PRIMENAME":"Prospect Avenue","ELEVTYP_F":0,"ELEVTYP_T":0},"geometry":{"type":"LineString","coordinates":[[-74.1664207983706,40.4464836060224],[-74.1663362262725,40.4464883307734],[-74.1662815220833,40.4464913863445],[-74.1642271085962,40.4466061400772],[-74.1641193605473,40.4466106580905]]}},{"type":"Feature","id":193105,"properties":{"OBJECTID":193105,"PRIMENAME":"Spruce Street","ELEVTYP_F":0,"ELEVTYP_T":0},"geometry":{"type":"LineString","coordinates":[[-74.1721808684537,40.4454684007284],[-74.1722625081458,40.4461185192225]]}},{"type":"Feature","id":193848,"properties":{"OBJECTID":193848,"PRIMENAME":"Shore Road","ELEVTYP_F":0,"ELEVTYP_T":0},"geometry":{"type":"LineString","coordinates":[[-74.163571616282,40.4407432533506],[-74.1635055781842,40.4400873816164]]}},{"type":"Feature","id":194804,"properties":{"OBJECTID":194804,"PRIMENAME":"5th Street","ELEVTYP_F":0,"ELEVTYP_T":0},"geometry":{"type":"LineString","coordinates":[[-74.1760260526536,40.4499949852859],[-74.1759763926152,40.4499424136824],[-74.1759453404431,40.4499137494091],[-74.1758955431148,40.4498897816361],[-74.1758519759703,40.4498705812742],[-74.1757928491723,40.4498676018739],[-74.1757521752658,40.449865552325],[-74.1756624762747,40.4498653006942]]}},{"type":"Feature","id":195450,"properties":{"OBJECTID":195450,"PRIMENAME":"Prospect Avenue","ELEVTYP_F":0,"ELEVTYP_T":0},"geometry":{"type":"LineString","coordinates":[[-74.1641193605473,40.4466106580905],[-74.1640149917724,40.4466150489278],[-74.1633784883947,40.4466513275664],[-74.1633223867863,40.4466463881086],[-74.1632164831495,40.4466127254045],[-74.1621950600517,40.4462856803522]]}},{"type":"Feature","id":195726,"properties":{"OBJECTID":195726,"PRIMENAME":"Sam Mobile Home Park","ELEVTYP_F":0,"ELEVTYP_T":0},"geometry":{"type":"LineString","coordinates":[[-74.1664134111934,40.4370404541312],[-74.1658903913251,40.4370421680762],[-74.1659045074114,40.4378444489207],[-74.1659045149641,40.4378448281117]]}},{"type":"Feature","id":197259,"properties":{"OBJECTID":197259,"PRIMENAME":"FR RT 36 SB to UNION AVE","ELEVTYP_F":0,"ELEVTYP_T":0},"geometry":{"type":"LineString","coordinates":[[-74.1659045149641,40.4378448281117],[-74.1658921782574,40.4378448699143],[-74.1657714282396,40.437837136542],[-74.1656748570506,40.4378220886263],[-74.1655783236757,40.4377996554968],[-74.1655301026231,40.4377829217171],[-74.1654818804159,40.437766187914],[-74.1653468724694,40.4377066936266],[-74.1650046674551,40.4375395931134],[-74.1649034479689,40.4374913146029],[-74.1648118195617,40.4374578054771],[-74.1647249327294,40.4374391057337],[-74.1646283084218,40.4374351472631],[-74.1645413470647,40.4374385731734],[-74.1644649867275,40.4374415911751]]}},{"type":"Feature","id":197352,"properties":{"OBJECTID":197352,"PRIMENAME":"Union Avenue","ELEVTYP_F":0,"ELEVTYP_T":0},"geometry":{"type":"LineString","coordinates":[[-74.1644649867275,40.4374415911751],[-74.1645198988586,40.4378505588451],[-74.1645341311235,40.4379652650389]]}},{"type":"Feature","id":197975,"properties":{"OBJECTID":197975,"PRIMENAME":"Lorillard Avenue","ELEVTYP_F":0,"ELEVTYP_T":0},"geometry":{"type":"LineString","coordinates":[[-74.1720979060714,40.4448093845498],[-74.1707154446501,40.4449021547707],[-74.1705484761217,40.4449133576364]]}},{"type":"Feature","id":198265,"properties":{"OBJECTID":198265,"PRIMENAME":"Edmunds Avenue","ELEVTYP_F":0,"ELEVTYP_T":0},"geometry":{"type":"LineString","coordinates":[[-74.1807154363817,40.4475578217804],[-74.1800718001518,40.4470825309481]]}},{"type":"Feature","id":198762,"properties":{"OBJECTID":198762,"PRIMENAME":"Wesley Avenue","ELEVTYP_F":0,"ELEVTYP_T":0},"geometry":{"type":"LineString","coordinates":[[-74.1583936248471,40.4391613831315],[-74.1584135975488,40.4389787790392],[-74.1584233465651,40.4388896454775],[-74.1584237807196,40.4388038608881],[-74.1584067394568,40.438479717354],[-74.1584016914609,40.4383838960488]]}},{"type":"Feature","id":199710,"properties":{"OBJECTID":199710,"PRIMENAME":"Shore Road","ELEVTYP_F":0,"ELEVTYP_T":0},"geometry":{"type":"LineString","coordinates":[[-74.1635055781842,40.4400873816164],[-74.1634536466273,40.4395716083165],[-74.1634393796366,40.4394178403054]]}},{"type":"Feature","id":199807,"properties":{"OBJECTID":199807,"PRIMENAME":"Edmunds Avenue","ELEVTYP_F":0,"ELEVTYP_T":0},"geometry":{"type":"LineString","coordinates":[[-74.1781336822304,40.4456501113897],[-74.1775834303952,40.4452429827877],[-74.1774876093331,40.445173537472]]}},{"type":"Feature","id":200889,"properties":{"OBJECTID":200889,"PRIMENAME":"Brown Avenue West","ELEVTYP_F":0,"ELEVTYP_T":0},"geometry":{"type":"LineString","coordinates":[[-74.1484501806931,40.4395735433938],[-74.1484553887121,40.4396567647469],[-74.1484726306471,40.4399332538388],[-74.1484660924361,40.4399951925001],[-74.1484534027333,40.4400380324228],[-74.1484344349013,40.4400856311404],[-74.1484030645535,40.4401141400235],[-74.1483592135258,40.4401521369919],[-74.1483484736441,40.4401585069646],[-74.1479274870824,40.4404082084307],[-74.1478712179687,40.4404365863981],[-74.1478275051143,40.4404412302313],[-74.1476902941555,40.4404408121637],[-74.147583012784,40.440440485175]]}},{"type":"Feature","id":201768,"properties":{"OBJECTID":201768,"PRIMENAME":"Dock Street","ELEVTYP_F":0,"ELEVTYP_T":0},"geometry":{"type":"LineString","coordinates":[[-74.1750935644448,40.4490328558583],[-74.1751321220132,40.4490774359108],[-74.1751445210829,40.4490918008015],[-74.1751568851898,40.4491060827338],[-74.1751557607986,40.449339609528],[-74.1751356594219,40.4498575899092]]}},{"type":"Feature","id":202070,"properties":{"OBJECTID":202070,"PRIMENAME":"Orange Avenue","ELEVTYP_F":0,"ELEVTYP_T":0},"geometry":{"type":"LineString","coordinates":[[-74.179910768944,40.4408220128903],[-74.179557645181,40.4406732361517],[-74.1792959268004,40.4406153009196],[-74.1792031479727,40.4405947566092]]}},{"type":"Feature","id":202252,"properties":{"OBJECTID":202252,"PRIMENAME":"Stone Road","ELEVTYP_F":0,"ELEVTYP_T":0},"geometry":{"type":"LineString","coordinates":[[-74.1816490876262,40.4382408873504],[-74.180284278937,40.4380024837082],[-74.1801576638161,40.4379811053523]]}},{"type":"Feature","id":202641,"properties":{"OBJECTID":202641,"PRIMENAME":"Lorillard Avenue","ELEVTYP_F":0,"ELEVTYP_T":0},"geometry":{"type":"LineString","coordinates":[[-74.1678547772654,40.4450891628198],[-74.1662880427708,40.4451729385268],[-74.166251563057,40.4451748884719],[-74.1661277821297,40.4451816686073]]}},{"type":"Feature","id":202871,"properties":{"OBJECTID":202871,"PRIMENAME":"Bank Street","ELEVTYP_F":0,"ELEVTYP_T":0},"geometry":{"type":"LineString","coordinates":[[-74.1840755074307,40.4390684728111],[-74.1841870923606,40.4391084454508],[-74.1842819636904,40.4391424371262],[-74.1855944574831,40.4396126956307]]}},{"type":"Feature","id":203323,"properties":{"OBJECTID":203323,"PRIMENAME":"Seagate Avenue","ELEVTYP_F":0,"ELEVTYP_T":0},"geometry":{"type":"LineString","coordinates":[[-74.1696609226632,40.4397563074481],[-74.1697124937168,40.4403188543549],[-74.1697263946924,40.4404150021584]]}},{"type":"Feature","id":204313,"properties":{"OBJECTID":204313,"PRIMENAME":"Cambridge Avenue","ELEVTYP_F":0,"ELEVTYP_T":0},"geometry":{"type":"LineString","coordinates":[[-74.1654059356292,40.4419610015118],[-74.1661303884518,40.4419241965165],[-74.1663041515128,40.4419154630644],[-74.1675589110256,40.4418523831151]]}},{"type":"Feature","id":209415,"properties":{"OBJECTID":209415,"PRIMENAME":"Beach Street","ELEVTYP_F":0,"ELEVTYP_T":0},"geometry":{"type":"LineString","coordinates":[[-74.1736194172066,40.4524595897511],[-74.1739879933866,40.4521720323094],[-74.1740443538692,40.4521245088057],[-74.1740882900978,40.4520675061646],[-74.1740929583875,40.4520268411437],[-74.1740948550166,40.452010315294],[-74.174088865801,40.4519483408694],[-74.1740715125453,40.4519254076515],[-74.1740454820877,40.4518910091689],[-74.1738776792615,40.4517618438342],[-74.1727773565156,40.450953334991],[-74.1727120201486,40.4509030511722]]}},{"type":"Feature","id":209532,"properties":{"OBJECTID":209532,"PRIMENAME":"Maple Street","ELEVTYP_F":0,"ELEVTYP_T":0},"geometry":{"type":"LineString","coordinates":[[-74.1767751629147,40.4438153599794],[-74.1767072598318,40.4432293272009],[-74.1766974199202,40.4431531218629]]}},{"type":"Feature","id":212444,"properties":{"OBJECTID":212444,"PRIMENAME":"Clark Avenue","ELEVTYP_F":0,"ELEVTYP_T":0},"geometry":{"type":"LineString","coordinates":[[-74.1649736752761,40.4400049535452],[-74.1663139405085,40.4399356925413],[-74.1668077976077,40.4399101662242],[-74.1673731003201,40.4398807463765]]}},{"type":"Feature","id":213380,"properties":{"OBJECTID":213380,"PRIMENAME":"Poole Avenue","ELEVTYP_F":0,"ELEVTYP_T":0},"geometry":{"type":"LineString","coordinates":[[-74.1787202878791,40.4436683994368],[-74.1787031272644,40.4439901102873]]}},{"type":"Feature","id":214031,"properties":{"OBJECTID":214031,"PRIMENAME":"High Avenue","ELEVTYP_F":0,"ELEVTYP_T":0},"geometry":{"type":"LineString","coordinates":[[-74.1609972924014,40.4393213760285],[-74.1608805995413,40.4401931963542],[-74.1608748996798,40.4402550003889]]}},{"type":"Feature","id":214269,"properties":{"OBJECTID":214269,"PRIMENAME":"Florence Avenue","ELEVTYP_F":0,"ELEVTYP_T":0},"geometry":{"type":"LineString","coordinates":[[-74.183301616384,40.440300631125],[-74.1832420789266,40.4403933914603],[-74.182808333721,40.4411035062788],[-74.1827015359326,40.4412783469759],[-74.1826819255284,40.4413102262087],[-74.1821483713301,40.4421775942769],[-74.1820713158073,40.4423044283149]]}},{"type":"Feature","id":216145,"properties":{"OBJECTID":216145,"PRIMENAME":"Pine Street","ELEVTYP_F":0,"ELEVTYP_T":0},"geometry":{"type":"LineString","coordinates":[[-74.1748372948646,40.4439534702263],[-74.1749225957431,40.4446095811772]]}},{"type":"Feature","id":219682,"properties":{"OBJECTID":219682,"PRIMENAME":"Central Avenue","ELEVTYP_F":0,"ELEVTYP_T":0},"geometry":{"type":"LineString","coordinates":[[-74.1677420110458,40.4437711940628],[-74.1674561060621,40.443786705071],[-74.1662945871048,40.4438496216247],[-74.1659523633724,40.44386815639],[-74.1658391849469,40.4438749119178]]}},{"type":"Feature","id":220523,"properties":{"OBJECTID":220523,"PRIMENAME":"Union Avenue","ELEVTYP_F":0,"ELEVTYP_T":0},"geometry":{"type":"LineString","coordinates":[[-74.1655611897975,40.4426277261143],[-74.1654059356292,40.4419610015118]]}},{"type":"Feature","id":220650,"properties":{"OBJECTID":220650,"PRIMENAME":"Pine Street","ELEVTYP_F":0,"ELEVTYP_T":0},"geometry":{"type":"LineString","coordinates":[[-74.1751208912843,40.4462381783335],[-74.1751438957987,40.4464455563748]]}},{"type":"Feature","id":220905,"properties":{"OBJECTID":220905,"PRIMENAME":"Wilson Avenue","ELEVTYP_F":0,"ELEVTYP_T":0},"geometry":{"type":"LineString","coordinates":[[-74.1747525489769,40.4402303926616],[-74.1747189348886,40.4403165784118],[-74.1745166020033,40.4408044813297],[-74.1744816960485,40.4408382308639],[-74.1744289371572,40.4408561725314]]}},{"type":"Feature","id":222084,"properties":{"OBJECTID":222084,"PRIMENAME":"Central Avenue","ELEVTYP_F":0,"ELEVTYP_T":0},"geometry":{"type":"LineString","coordinates":[[-74.161552428319,40.4441125242924],[-74.1611103292097,40.4441352491644]]}},{"type":"Feature","id":222225,"properties":{"OBJECTID":222225,"PRIMENAME":"Arlington Avenue","ELEVTYP_F":0,"ELEVTYP_T":0},"geometry":{"type":"LineString","coordinates":[[-74.1817340444323,40.4396754552565],[-74.1809106092197,40.440805643727],[-74.180703421539,40.4410910344898],[-74.1806663881266,40.4411420461682]]}},{"type":"Feature","id":222675,"properties":{"OBJECTID":222675,"PRIMENAME":"Stone Road","ELEVTYP_F":0,"ELEVTYP_T":0},"geometry":{"type":"LineString","coordinates":[[-74.184314024439,40.4386862850533],[-74.184284119962,40.4386814822383],[-74.1833455980736,40.438530758408]]}},{"type":"Feature","id":222920,"properties":{"OBJECTID":222920,"PRIMENAME":"Florence Avenue","ELEVTYP_F":0,"ELEVTYP_T":0},"geometry":{"type":"LineString","coordinates":[[-74.1840755074307,40.4390684728111],[-74.1838454202517,40.4394371221755],[-74.1836905831488,40.439687138514]]}},{"type":"Feature","id":223043,"properties":{"OBJECTID":223043,"PRIMENAME":"Stone Road","ELEVTYP_F":0,"ELEVTYP_T":0},"geometry":{"type":"LineString","coordinates":[[-74.1883872707121,40.439358917782],[-74.1882256345579,40.4393434124904]]}},{"type":"Feature","id":223175,"properties":{"OBJECTID":223175,"PRIMENAME":"Poole Avenue","ELEVTYP_F":0,"ELEVTYP_T":0},"geometry":{"type":"LineString","coordinates":[[-74.1791533553583,40.4407371193484],[-74.179072639177,40.4409680929573],[-74.1789423665464,40.441326170262],[-74.1788731077936,40.4415165413973],[-74.1788388067286,40.4416108249684],[-74.1788197602582,40.4416870318555],[-74.1788172755257,40.4417412416146]]}},{"type":"Feature","id":223981,"properties":{"OBJECTID":223981,"PRIMENAME":"Orange Avenue","ELEVTYP_F":0,"ELEVTYP_T":0},"geometry":{"type":"LineString","coordinates":[[-74.1806663881266,40.4411420461682],[-74.1804229579985,40.441037827026],[-74.179910768944,40.4408220128903]]}},{"type":"Feature","id":224883,"properties":{"OBJECTID":224883,"PRIMENAME":"Prospect Avenue","ELEVTYP_F":0,"ELEVTYP_T":0},"geometry":{"type":"LineString","coordinates":[[-74.1722625081458,40.4461185192225],[-74.1721582219889,40.4461284907968],[-74.1704858000786,40.446247651934],[-74.1696745586135,40.4463072943264],[-74.1695745770829,40.4463403628254],[-74.1695307105966,40.4463831159124],[-74.1694868206512,40.4464306468003]]}},{"type":"Feature","id":226475,"properties":{"OBJECTID":226475,"PRIMENAME":"Scholer Drive","ELEVTYP_F":0,"ELEVTYP_T":0},"geometry":{"type":"LineString","coordinates":[[-74.1743395954821,40.4401311460228],[-74.17348501815,40.4399257314962]]}},{"type":"Feature","id":227322,"properties":{"OBJECTID":227322,"PRIMENAME":"Morningside Avenue","ELEVTYP_F":0,"ELEVTYP_T":0},"geometry":{"type":"LineString","coordinates":[[-74.1780391277615,40.4417230187127],[-74.1771602639976,40.4415124913395],[-74.1768892313247,40.4414475645168],[-74.1755197006724,40.4411194797317],[-74.1746661950206,40.4409121558995],[-74.1745016826877,40.4408733156921],[-74.1744289371572,40.4408561725314]]}},{"type":"Feature","id":228441,"properties":{"OBJECTID":228441,"PRIMENAME":"Brook Avenue","ELEVTYP_F":0,"ELEVTYP_T":0},"geometry":{"type":"LineString","coordinates":[[-74.1665656338418,40.4471393181352],[-74.1664452610729,40.4471463281901],[-74.1662782347416,40.4471560359555],[-74.1643360993712,40.447268888383],[-74.1641788464008,40.4472783963323]]}},{"type":"Feature","id":228601,"properties":{"OBJECTID":228601,"PRIMENAME":"Haug Street","ELEVTYP_F":0,"ELEVTYP_T":0},"geometry":{"type":"LineString","coordinates":[[-74.1743395954821,40.4401311460228],[-74.1743709045327,40.4400534640271],[-74.1747850210035,40.4390259925678],[-74.175153726262,40.4381111636047],[-74.1751941608483,40.4380108315987]]}},{"type":"Feature","id":229019,"properties":{"OBJECTID":229019,"PRIMENAME":"Asbury Avenue","ELEVTYP_F":0,"ELEVTYP_T":0},"geometry":{"type":"LineString","coordinates":[[-74.1607874757039,40.4411860089483],[-74.1606947766255,40.4411791766602],[-74.1600213175384,40.4411295416914],[-74.1599126354393,40.4411215629923]]}},{"type":"Feature","id":229704,"properties":{"OBJECTID":229704,"PRIMENAME":"Peri Place","ELEVTYP_F":0,"ELEVTYP_T":0},"geometry":{"type":"LineString","coordinates":[[-74.1477740679648,40.4435525660442],[-74.1477928785993,40.443496065979],[-74.1478003380335,40.4432578095557],[-74.1477943711065,40.4432101079862],[-74.14773853039,40.4432092533613]]}},{"type":"Feature","id":230020,"properties":{"OBJECTID":230020,"PRIMENAME":"Bayshore Mobile Manor","ELEVTYP_F":0,"ELEVTYP_T":0},"geometry":{"type":"LineString","coordinates":[[-74.1475119885988,40.4395104032786],[-74.1475197791736,40.4396491668361],[-74.1475346220846,40.4398349129976]]}},{"type":"Feature","id":230474,"properties":{"OBJECTID":230474,"PRIMENAME":"Washington Avenue","ELEVTYP_F":0,"ELEVTYP_T":0},"geometry":{"type":"LineString","coordinates":[[-74.1695421098298,40.4384349175082],[-74.1696750372543,40.438427319533],[-74.1699146248938,40.4384136242474]]}},{"type":"Feature","id":230757,"properties":{"OBJECTID":230757,"PRIMENAME":"Harrison Avenue","ELEVTYP_F":0,"ELEVTYP_T":0},"geometry":{"type":"LineString","coordinates":[[-74.1833455980736,40.438530758408],[-74.1833287642002,40.4385961572664],[-74.1832525051873,40.4388914364509],[-74.1832083248453,40.4389961534266],[-74.1831770897924,40.4390492956204],[-74.1831579830069,40.4390818013712],[-74.1829633707685,40.4393624537583],[-74.1825427453844,40.4399380013525],[-74.182497329762,40.4399994776553]]}},{"type":"Feature","id":230760,"properties":{"OBJECTID":230760,"PRIMENAME":"Park Avenue","ELEVTYP_F":0,"ELEVTYP_T":0},"geometry":{"type":"LineString","coordinates":[[-74.1659836890572,40.444530074696],[-74.16629130989,40.4445123117803],[-74.1677024372813,40.4444308222611],[-74.1678007696423,40.4444256145786]]}},{"type":"Feature","id":231005,"properties":{"OBJECTID":231005,"PRIMENAME":"Edmunds Avenue","ELEVTYP_F":0,"ELEVTYP_T":0},"geometry":{"type":"LineString","coordinates":[[-74.1794210833549,40.4466020012719],[-74.1788763971294,40.4461997523514],[-74.1787826933455,40.4461304788162]]}},{"type":"Feature","id":231493,"properties":{"OBJECTID":231493,"PRIMENAME":"Shore Road","ELEVTYP_F":0,"ELEVTYP_T":0},"geometry":{"type":"LineString","coordinates":[[-74.1636337079067,40.4413906042565],[-74.1635784272905,40.4408111065878],[-74.163571616282,40.4407432533506]]}},{"type":"Feature","id":232186,"properties":{"OBJECTID":232186,"PRIMENAME":"Prospect Avenue","ELEVTYP_F":0,"ELEVTYP_T":0},"geometry":{"type":"LineString","coordinates":[[-74.1750856296524,40.445919778383],[-74.1749850954293,40.4459267981528],[-74.172900957635,40.4460717659684]]}},{"type":"Feature","id":232943,"properties":{"OBJECTID":232943,"PRIMENAME":"Central Avenue","ELEVTYP_F":0,"ELEVTYP_T":0},"geometry":{"type":"LineString","coordinates":[[-74.1690409622404,40.4437007182643],[-74.1677420110458,40.4437711940628]]}},{"type":"Feature","id":234297,"properties":{"OBJECTID":234297,"PRIMENAME":"Herbert Street","ELEVTYP_F":0,"ELEVTYP_T":0},"geometry":{"type":"LineString","coordinates":[[-74.1800718001518,40.4470825309481],[-74.1793685653548,40.4476499542909],[-74.1784168500952,40.4483812540896]]}},{"type":"Feature","id":235704,"properties":{"OBJECTID":235704,"PRIMENAME":"Saint Johns Avenue","ELEVTYP_F":0,"ELEVTYP_T":0},"geometry":{"type":"LineString","coordinates":[[-74.1822159974487,40.4451597290909],[-74.1824055203268,40.4452468048721]]}},{"type":"Feature","id":236006,"properties":{"OBJECTID":236006,"PRIMENAME":"Bay Avenue","ELEVTYP_F":0,"ELEVTYP_T":0},"geometry":{"type":"LineString","coordinates":[[-74.1824749608968,40.4471666520808],[-74.18311163335,40.447636447185]]}},{"type":"Feature","id":236076,"properties":{"OBJECTID":236076,"PRIMENAME":"Bayview Avenue","ELEVTYP_F":0,"ELEVTYP_T":0},"geometry":{"type":"LineString","coordinates":[[-74.1662745178657,40.4458372227982],[-74.1653660696523,40.4458850243326],[-74.1641555602045,40.4459434724571],[-74.164060593658,40.4459502791439]]}},{"type":"Feature","id":236077,"properties":{"OBJECTID":236077,"PRIMENAME":"Florence Avenue","ELEVTYP_F":0,"ELEVTYP_T":0},"geometry":{"type":"LineString","coordinates":[[-74.1738821255918,40.4499872277727],[-74.1733020734834,40.4504410648625]]}},{"type":"Feature","id":237329,"properties":{"OBJECTID":237329,"PRIMENAME":"Union Avenue","ELEVTYP_F":0,"ELEVTYP_T":0},"geometry":{"type":"LineString","coordinates":[[-74.1671766046953,40.4486666682201],[-74.1671457927973,40.4486265002294],[-74.1670715798983,40.4484975944025],[-74.1668867721619,40.4480252530293],[-74.1666711177089,40.4474765626765],[-74.1666248972557,40.4473433700569],[-74.166585027958,40.4472284822857],[-74.1665656338418,40.4471393181352]]}},{"type":"Feature","id":238809,"properties":{"OBJECTID":238809,"PRIMENAME":"3rd Street","ELEVTYP_F":0,"ELEVTYP_T":0},"geometry":{"type":"LineString","coordinates":[[-74.1743013695021,40.451877401269],[-74.1749875176562,40.4518984385561],[-74.1750598227475,40.4518604566021]]}},{"type":"Feature","id":240359,"properties":{"OBJECTID":240359,"PRIMENAME":"Chomic Place","ELEVTYP_F":0,"ELEVTYP_T":0},"geometry":{"type":"LineString","coordinates":[[-74.1737862323972,40.4391699071165],[-74.1736766952954,40.439145990424],[-74.1731050119623,40.4390212543421],[-74.1730349049325,40.4390059577679]]}},{"type":"Feature","id":242665,"properties":{"OBJECTID":242665,"PRIMENAME":"Unnamed Segment","ELEVTYP_F":0,"ELEVTYP_T":0},"geometry":{"type":"LineString","coordinates":[[-74.1555264794378,40.4452811981872],[-74.1547874788554,40.4452751984745],[-74.154255480796,40.4452641996449],[-74.1536864793413,40.4452631998856]]}},{"type":"Feature","id":244037,"properties":{"OBJECTID":244037,"PRIMENAME":"Highland Avenue","ELEVTYP_F":0,"ELEVTYP_T":0},"geometry":{"type":"LineString","coordinates":[[-74.1875778772504,40.437434054234],[-74.1872008402837,40.4380343611959]]}},{"type":"Feature","id":244836,"properties":{"OBJECTID":244836,"PRIMENAME":"Bay Avenue","ELEVTYP_F":0,"ELEVTYP_T":0},"geometry":{"type":"LineString","coordinates":[[-74.1818339412151,40.4466908846556],[-74.1822040009476,40.4469667467045],[-74.1824749608968,40.4471666520808]]}},{"type":"Feature","id":245402,"properties":{"OBJECTID":245402,"PRIMENAME":"Rothbard Road","ELEVTYP_F":0,"ELEVTYP_T":0},"geometry":{"type":"LineString","coordinates":[[-74.1820726151787,40.4374677180608],[-74.1827812053273,40.4375756545069],[-74.1828933869278,40.4375950684367],[-74.1829869855275,40.4375857450295],[-74.1830556954962,40.4375668812894],[-74.1830601123543,40.4375650804106],[-74.1831369385118,40.4375337506029],[-74.1832120203442,40.4374815238262],[-74.1833185694563,40.4373769506619],[-74.1836192026968,40.4370161102001],[-74.1836196448398,40.4370155800327],[-74.1836760527459,40.4369537757771],[-74.1837451190585,40.4368586806495],[-74.1838330593581,40.4367302008453],[-74.1839587781731,40.4365208423235],[-74.1840529771422,40.4363829083242],[-74.1840969395725,40.4363162937498],[-74.1841222878362,40.4362353531584],[-74.1841287929473,40.4361734132139],[-74.1841228007978,40.4361257403837],[-74.184104795892,40.436076962968],[-74.1840981440301,40.4360589382989],[-74.1840609323482,40.4360111810541],[-74.1840175267544,40.435958629874],[-74.1839180056567,40.4359059531885],[-74.1837498084868,40.4358578097287],[-74.1835379826555,40.4358048524711],[-74.183362310432,40.4357595484177],[-74.1832202739409,40.4357229175638]]}},{"type":"Feature","id":246064,"properties":{"OBJECTID":246064,"PRIMENAME":"Willow Street","ELEVTYP_F":0,"ELEVTYP_T":0},"geometry":{"type":"LineString","coordinates":[[-74.1600169808311,40.4402001300192],[-74.1594710763286,40.4401652248825],[-74.1591403932882,40.440142865587]]}},{"type":"Feature","id":246648,"properties":{"OBJECTID":246648,"PRIMENAME":"Pine Street","ELEVTYP_F":0,"ELEVTYP_T":0},"geometry":{"type":"LineString","coordinates":[[-74.171823963377,40.4493460934723],[-74.171237435834,40.4498070934511]]}},{"type":"Feature","id":251102,"properties":{"OBJECTID":251102,"PRIMENAME":"Beachview Avenue","ELEVTYP_F":0,"ELEVTYP_T":0},"geometry":{"type":"LineString","coordinates":[[-74.1621244453533,40.4447373743689],[-74.1624702672803,40.4441297296406],[-74.1625083983404,40.4440633810625]]}},{"type":"Feature","id":252943,"properties":{"OBJECTID":252943,"PRIMENAME":"Center Street","ELEVTYP_F":0,"ELEVTYP_T":0},"geometry":{"type":"LineString","coordinates":[[-74.1738821255918,40.4499872277727],[-74.1743897647809,40.450366885085],[-74.1744457321632,40.450400450962],[-74.1744955525261,40.4504196154216],[-74.1745828383754,40.4504341632893],[-74.1750132877229,40.4504353742097],[-74.1751132205416,40.4504356551069]]}},{"type":"Feature","id":253477,"properties":{"OBJECTID":253477,"PRIMENAME":"Oak Street","ELEVTYP_F":0,"ELEVTYP_T":0},"geometry":{"type":"LineString","coordinates":[[-74.1877317377413,40.4371891086409],[-74.1878102141866,40.4372175952694],[-74.1881277815957,40.4373328426451],[-74.1882710173378,40.4373808854073],[-74.1883831563771,40.4374097920438],[-74.1885326651589,40.4374530743969],[-74.1887133674762,40.4374869424054],[-74.1888753656678,40.4375255079693]]}},{"type":"Feature","id":253566,"properties":{"OBJECTID":253566,"PRIMENAME":"Saint James Avenue","ELEVTYP_F":0,"ELEVTYP_T":0},"geometry":{"type":"LineString","coordinates":[[-74.1770135327699,40.4455414297032],[-74.1774651797765,40.445190220465],[-74.1774876093331,40.445173537472]]}},{"type":"Feature","id":254082,"properties":{"OBJECTID":254082,"PRIMENAME":"FR NJ 36 NB TO SHORE RD NB","ELEVTYP_F":0,"ELEVTYP_T":0},"geometry":{"type":"LineString","coordinates":[[-74.1629680490552,40.4381376622581],[-74.1631112430205,40.4381837321254],[-74.1631859957896,40.4382077781478],[-74.1632357321743,40.438241331352],[-74.1632729664203,40.4382747661626],[-74.1632977448619,40.4383129677938],[-74.1633162011276,40.4383654819792],[-74.1633501673006,40.4384562536476]]}},{"type":"Feature","id":254507,"properties":{"OBJECTID":254507,"PRIMENAME":"Shore Road","ELEVTYP_F":0,"ELEVTYP_T":0},"geometry":{"type":"LineString","coordinates":[[-74.164060593658,40.4459502791439],[-74.1641193605473,40.4466106580905]]}},{"type":"Feature","id":255228,"properties":{"OBJECTID":255228,"PRIMENAME":"3rd Street","ELEVTYP_F":0,"ELEVTYP_T":0},"geometry":{"type":"LineString","coordinates":[[-74.1750598227475,40.4518604566021],[-74.1751563233958,40.4518274294544],[-74.1758925057074,40.4518417922399],[-74.1760109205992,40.4518441019796]]}},{"type":"Feature","id":255592,"properties":{"OBJECTID":255592,"PRIMENAME":"Stone Road","ELEVTYP_F":0,"ELEVTYP_T":0},"geometry":{"type":"LineString","coordinates":[[-74.1886886924997,40.439392287967],[-74.1886423570263,40.4393833513281],[-74.1883872707121,40.439358917782]]}},{"type":"Feature","id":255777,"properties":{"OBJECTID":255777,"PRIMENAME":"Unnamed Segment","ELEVTYP_F":0,"ELEVTYP_T":0},"geometry":{"type":"LineString","coordinates":[[-74.1569464293376,40.4403555005291],[-74.1578778593161,40.4403056742206],[-74.1578349123954,40.4396081355863]]}},{"type":"Feature","id":256993,"properties":{"OBJECTID":256993,"PRIMENAME":"Broadway","ELEVTYP_F":0,"ELEVTYP_T":0},"geometry":{"type":"LineString","coordinates":[[-74.1880464454196,40.4405347262273],[-74.1880257041727,40.4405445907985],[-74.1879052697976,40.4406049012705],[-74.1877732458019,40.4406710128555],[-74.1876943540655,40.4407105188505],[-74.1875318194359,40.4407863124613],[-74.1873194011583,40.4408572497825],[-74.1866261127612,40.4410507725407],[-74.1859453235864,40.4412443250864],[-74.1859171595894,40.4412510294849]]}},{"type":"Feature","id":257032,"properties":{"OBJECTID":257032,"PRIMENAME":"Bay Avenue","ELEVTYP_F":0,"ELEVTYP_T":0},"geometry":{"type":"LineString","coordinates":[[-74.1812030724992,40.4462205769916],[-74.1818339412151,40.4466908846556]]}},{"type":"Feature","id":259512,"properties":{"OBJECTID":259512,"PRIMENAME":"Bay Avenue","ELEVTYP_F":0,"ELEVTYP_T":0},"geometry":{"type":"LineString","coordinates":[[-74.1805397924289,40.4457299164352],[-74.1810104379977,40.4460770233485],[-74.1812030724992,40.4462205769916]]}},{"type":"Feature","id":259969,"properties":{"OBJECTID":259969,"PRIMENAME":"Unnamed Segment","ELEVTYP_F":0,"ELEVTYP_T":0},"geometry":{"type":"LineString","coordinates":[[-74.1699828555716,40.4363956480938],[-74.1712380383154,40.4363139310341],[-74.1714893438657,40.4366661587527],[-74.1717923193509,40.4370361085872],[-74.1718025391208,40.4372997737061],[-74.1710777653523,40.4373416534],[-74.1706003911873,40.437357870201],[-74.1703649430744,40.4372912903096],[-74.1702733216449,40.4372119375741],[-74.1702568453955,40.4370537094609],[-74.1700445489476,40.437050207291]]}},{"type":"Feature","id":260509,"properties":{"OBJECTID":260509,"PRIMENAME":"Florence Avenue","ELEVTYP_F":0,"ELEVTYP_T":0},"geometry":{"type":"LineString","coordinates":[[-74.1721310305915,40.4513616836424],[-74.172004233847,40.4514617963444],[-74.1714594400745,40.4518796535584]]}},{"type":"Feature","id":260642,"properties":{"OBJECTID":260642,"PRIMENAME":"Front Street","ELEVTYP_F":0,"ELEVTYP_T":0},"geometry":{"type":"LineString","coordinates":[[-74.1747760331467,40.4543522518696],[-74.1743657765706,40.4540413345627],[-74.1729569755225,40.4529805860165]]}},{"type":"Feature","id":261000,"properties":{"OBJECTID":261000,"PRIMENAME":"Unnamed Segment","ELEVTYP_F":0,"ELEVTYP_T":0},"geometry":{"type":"LineString","coordinates":[[-74.1595775974232,40.4382402974624],[-74.1592877099462,40.4380367753512],[-74.1592587976284,40.4379009989326],[-74.1592086947125,40.4376657105513],[-74.1591412737221,40.4370011047538],[-74.1590744003077,40.4362283408595],[-74.1590164302783,40.4356951002663],[-74.158998042246,40.4353319396637],[-74.1588977566295,40.435169404394],[-74.1584225645241,40.4351680013837],[-74.1569359672136,40.4352331298535],[-74.1567431623812,40.4353716199159],[-74.1567315577161,40.4356651606365],[-74.1568870045984,40.4369094538053],[-74.1568357448748,40.4370483639787],[-74.1563156271637,40.4375719997113]]}},{"type":"Feature","id":261180,"properties":{"OBJECTID":261180,"PRIMENAME":"Jersey Avenue","ELEVTYP_F":0,"ELEVTYP_T":0},"geometry":{"type":"LineString","coordinates":[[-74.1761746161771,40.4419490626822],[-74.1774810561767,40.4418684654264],[-74.1778992118497,40.4418219487213],[-74.1779616082474,40.4418173725835],[-74.1779991244831,40.4417936497819],[-74.1780180026967,40.4417603210819],[-74.1780391277615,40.4417230187127]]}},{"type":"Feature","id":261919,"properties":{"OBJECTID":261919,"PRIMENAME":"Unnamed Segment","ELEVTYP_F":0,"ELEVTYP_T":0},"geometry":{"type":"LineString","coordinates":[[-74.1559223713738,40.4379947797469],[-74.1557661460654,40.4383859720178]]}},{"type":"Feature","id":262084,"properties":{"OBJECTID":262084,"PRIMENAME":"Brown Avenue North","ELEVTYP_F":0,"ELEVTYP_T":0},"geometry":{"type":"LineString","coordinates":[[-74.1476133219366,40.4408200670587],[-74.14761346468,40.4408218516589],[-74.1476319737897,40.4408552623262],[-74.1476817294142,40.4408840182526],[-74.1477503386719,40.4408937524777],[-74.1480248358478,40.4408802863977],[-74.1481122526673,40.4408662503732],[-74.1481497042316,40.44085683921],[-74.1481998433137,40.4408188614617],[-74.1483455034852,40.4407285310611],[-74.1486128161367,40.4405627590447],[-74.1489882225974,40.4403446444038],[-74.1490320979501,40.4403019261236],[-74.1490634575986,40.4402686400503],[-74.149082399023,40.4402258181382],[-74.1490766543994,40.4401352378739],[-74.1490539284976,40.4396967136175],[-74.1490293027412,40.4396442063695],[-74.1489919652296,40.439625041798],[-74.1489546278845,40.439605849295],[-74.1488486292097,40.439600750389],[-74.1484501806931,40.4395735433938]]}},{"type":"Feature","id":262631,"properties":{"OBJECTID":262631,"PRIMENAME":"Columbia Avenue","ELEVTYP_F":0,"ELEVTYP_T":0},"geometry":{"type":"LineString","coordinates":[[-74.1656955300787,40.4432228243223],[-74.1662978635292,40.4431870691884],[-74.1675904407417,40.4431103300326],[-74.1676766931802,40.4431062954735]]}},{"type":"Feature","id":264226,"properties":{"OBJECTID":264226,"PRIMENAME":"Sullivan Place","ELEVTYP_F":0,"ELEVTYP_T":0},"geometry":{"type":"LineString","coordinates":[[-74.1699146248938,40.4384136242474],[-74.1711942079635,40.4383404731295]]}},{"type":"Feature","id":264234,"properties":{"OBJECTID":264234,"PRIMENAME":"Shore Road","ELEVTYP_F":0,"ELEVTYP_T":0},"geometry":{"type":"LineString","coordinates":[[-74.1638085154407,40.4433285584181],[-74.1638718344723,40.4439829122426]]}},{"type":"Feature","id":265973,"properties":{"OBJECTID":265973,"PRIMENAME":"Union Avenue","ELEVTYP_F":0,"ELEVTYP_T":0},"geometry":{"type":"LineString","coordinates":[[-74.1646806915755,40.4387004578474],[-74.164644247755,40.43857275768],[-74.1645652561185,40.4381579282438],[-74.1645467459704,40.4380510884373]]}},{"type":"Feature","id":266584,"properties":{"OBJECTID":266584,"PRIMENAME":"Scholer Drive","ELEVTYP_F":0,"ELEVTYP_T":0},"geometry":{"type":"LineString","coordinates":[[-74.1760538296494,40.4405422450475],[-74.1758782641919,40.44050093239],[-74.1751999557059,40.4403379151319]]}},{"type":"Feature","id":267680,"properties":{"OBJECTID":267680,"PRIMENAME":"Sydney Avenue","ELEVTYP_F":0,"ELEVTYP_T":0},"geometry":{"type":"LineString","coordinates":[[-74.1674983903049,40.4411918895181],[-74.1670383727586,40.4412166993578],[-74.166307411076,40.4412562562306],[-74.1653662059366,40.4413071830995],[-74.1652604404841,40.4413122573184]]}},{"type":"Feature","id":268342,"properties":{"OBJECTID":268342,"PRIMENAME":"Seagate Avenue","ELEVTYP_F":0,"ELEVTYP_T":0},"geometry":{"type":"LineString","coordinates":[[-74.1695421098298,40.4384349175082],[-74.1695926978506,40.4390112694848],[-74.1695940733014,40.4390269490414],[-74.16960000852,40.4390916688256]]}},{"type":"Feature","id":269053,"properties":{"OBJECTID":269053,"PRIMENAME":"FR RT 36 NB to ROSE LN","ELEVTYP_F":0,"ELEVTYP_T":0},"geometry":{"type":"LineString","coordinates":[[-74.153464033765,40.4385646565995],[-74.1536046708447,40.4385685644494],[-74.1537660300449,40.4385743183568],[-74.1542249702541,40.4385747588649],[-74.154423110062,40.438575351318],[-74.1545438411898,40.4385867746962],[-74.154635540363,40.438605523482],[-74.1547175388278,40.4386316005431],[-74.1548477266417,40.438683680576],[-74.1552430287094,40.438862059924],[-74.1554551588518,40.438951278283],[-74.1555565243071,40.4389700551459],[-74.155557879758,40.4389703059594],[-74.1556367478057,40.438984925919]]}},{"type":"Feature","id":269520,"properties":{"OBJECTID":269520,"PRIMENAME":"Campbell Street","ELEVTYP_F":0,"ELEVTYP_T":0},"geometry":{"type":"LineString","coordinates":[[-74.1814643743475,40.4448269253517],[-74.1814968877967,40.4447820217379],[-74.1819615232699,40.4441398919582]]}},{"type":"Feature","id":270547,"properties":{"OBJECTID":270547,"PRIMENAME":"Florence Avenue","ELEVTYP_F":0,"ELEVTYP_T":0},"geometry":{"type":"LineString","coordinates":[[-74.1848012292447,40.4378816365882],[-74.1843956408091,40.4385275909531],[-74.1843515881214,40.4386132565952],[-74.184314024439,40.4386862850533]]}},{"type":"Feature","id":272433,"properties":{"OBJECTID":272433,"PRIMENAME":"9th Street","ELEVTYP_F":0,"ELEVTYP_T":0},"geometry":{"type":"LineString","coordinates":[[-74.1774703826511,40.4481761899434],[-74.1781916618359,40.4487047003551],[-74.1783022405507,40.4487857241907]]}},{"type":"Feature","id":272437,"properties":{"OBJECTID":272437,"PRIMENAME":"Rothbard Road","ELEVTYP_F":0,"ELEVTYP_T":0},"geometry":{"type":"LineString","coordinates":[[-74.1807343605501,40.4371709844532],[-74.1808493221814,40.4372176677046],[-74.1809675475798,40.437265649564],[-74.1810298624494,40.437284872741],[-74.1811919006867,40.4373139240136],[-74.1819210752104,40.4374446258181],[-74.1820726151787,40.4374677180608]]}},{"type":"Feature","id":272473,"properties":{"OBJECTID":272473,"PRIMENAME":"Dock Street","ELEVTYP_F":0,"ELEVTYP_T":0},"geometry":{"type":"LineString","coordinates":[[-74.1751132205416,40.4504356551069],[-74.1750976909422,40.4508355350338],[-74.1750883117451,40.4510770371171],[-74.1750842176976,40.4511824461195]]}},{"type":"Feature","id":272959,"properties":{"OBJECTID":272959,"PRIMENAME":"1st Street","ELEVTYP_F":0,"ELEVTYP_T":0},"geometry":{"type":"LineString","coordinates":[[-74.1882021410307,40.4404606759944],[-74.1880464454196,40.4405347262273]]}},{"type":"Feature","id":273010,"properties":{"OBJECTID":273010,"PRIMENAME":"Isabella Avenue","ELEVTYP_F":0,"ELEVTYP_T":0},"geometry":{"type":"LineString","coordinates":[[-74.1601195116813,40.4392674361812],[-74.1609972924014,40.4393213760285]]}},{"type":"Feature","id":275067,"properties":{"OBJECTID":275067,"PRIMENAME":"Saint James Avenue","ELEVTYP_F":0,"ELEVTYP_T":0},"geometry":{"type":"LineString","coordinates":[[-74.1774876093331,40.445173537472],[-74.1777969634642,40.4449433683357],[-74.1779158636774,40.4448674119879],[-74.1780409112122,40.4448058017947],[-74.1781408952523,40.4447632008123],[-74.178234609045,40.444739606477],[-74.1783781031285,40.444735256714],[-74.1785776747015,40.4447405608358],[-74.1786547374965,40.4447426420968]]}},{"type":"Feature","id":276347,"properties":{"OBJECTID":276347,"PRIMENAME":"Dock Street","ELEVTYP_F":0,"ELEVTYP_T":0},"geometry":{"type":"LineString","coordinates":[[-74.1750598227475,40.4518604566021],[-74.1750286513662,40.4527524321369],[-74.1750200171695,40.4529994715441]]}},{"type":"Feature","id":277018,"properties":{"OBJECTID":277018,"PRIMENAME":"Poole Avenue","ELEVTYP_F":0,"ELEVTYP_T":0},"geometry":{"type":"LineString","coordinates":[[-74.1807343605501,40.4371709844532],[-74.1806493754234,40.4372885993264],[-74.1802098676401,40.4378974128357],[-74.1801576638161,40.4379811053523]]}},{"type":"Feature","id":277064,"properties":{"OBJECTID":277064,"PRIMENAME":"Rose Lane","ELEVTYP_F":0,"ELEVTYP_T":0},"geometry":{"type":"LineString","coordinates":[[-74.1555356465653,40.4404825241038],[-74.1555321386082,40.4407492531307],[-74.1555349837665,40.4414165258976],[-74.1555374288378,40.4421552540559],[-74.1555278317874,40.4428176576617],[-74.1555056198978,40.4433539936768]]}},{"type":"Feature","id":277441,"properties":{"OBJECTID":277441,"PRIMENAME":"Lorillard Avenue","ELEVTYP_F":0,"ELEVTYP_T":0},"geometry":{"type":"LineString","coordinates":[[-74.1787031272644,40.4439901102873],[-74.178587286813,40.4440352480085],[-74.1781622973463,40.4442008611956],[-74.1779310162793,40.4443050820336],[-74.1776935504798,40.4443949551041],[-74.1776248196906,40.4444144325053],[-74.1775935983675,40.4444232806715],[-74.1774670432384,40.4444301732919]]}},{"type":"Feature","id":277532,"properties":{"OBJECTID":277532,"PRIMENAME":"Sydney Avenue","ELEVTYP_F":0,"ELEVTYP_T":0},"geometry":{"type":"LineString","coordinates":[[-74.1652604404841,40.4413122573184],[-74.1636337079067,40.4413906042565]]}},{"type":"Feature","id":278491,"properties":{"OBJECTID":278491,"PRIMENAME":"State Street","ELEVTYP_F":0,"ELEVTYP_T":0},"geometry":{"type":"LineString","coordinates":[[-74.1850922049457,40.4427484896708],[-74.1844119740358,40.443040887843],[-74.1843116698695,40.4430840148645]]}},{"type":"Feature","id":278620,"properties":{"OBJECTID":278620,"PRIMENAME":"Union Avenue","ELEVTYP_F":0,"ELEVTYP_T":0},"geometry":{"type":"LineString","coordinates":[[-74.1643300359456,40.4364460810799],[-74.1644296494525,40.4371783109666],[-74.1644634620462,40.4374303314595],[-74.1644649867275,40.4374415911751]]}},{"type":"Feature","id":278818,"properties":{"OBJECTID":278818,"PRIMENAME":"Shore Road","ELEVTYP_F":0,"ELEVTYP_T":0},"geometry":{"type":"LineString","coordinates":[[-74.1641193605473,40.4466106580905],[-74.1641705094283,40.4471848174552],[-74.1641788464008,40.4472783963323]]}},{"type":"Feature","id":278834,"properties":{"OBJECTID":278834,"PRIMENAME":"Campbell Street","ELEVTYP_F":0,"ELEVTYP_T":0},"geometry":{"type":"LineString","coordinates":[[-74.1774703826511,40.4481761899434],[-74.1775322462907,40.4481262087033],[-74.1793545783626,40.4466538376884],[-74.1794210833549,40.4466020012719]]}},{"type":"Feature","id":278875,"properties":{"OBJECTID":278875,"PRIMENAME":"Stone Road","ELEVTYP_F":0,"ELEVTYP_T":0},"geometry":{"type":"LineString","coordinates":[[-74.1750848110226,40.4379855162689],[-74.1749502824249,40.4379543551444],[-74.1744282137886,40.4378334270769],[-74.1743279780261,40.4378106341706]]}},{"type":"Feature","id":280826,"properties":{"OBJECTID":280826,"PRIMENAME":"10th Street","ELEVTYP_F":0,"ELEVTYP_T":0},"geometry":{"type":"LineString","coordinates":[[-74.1760790760688,40.4462410040432],[-74.1765540200828,40.4465793283489],[-74.1767657921838,40.446739221943]]}},{"type":"Feature","id":281631,"properties":{"OBJECTID":281631,"PRIMENAME":"Shore Road","ELEVTYP_F":0,"ELEVTYP_T":0},"geometry":{"type":"LineString","coordinates":[[-74.1639353965685,40.4446393525445],[-74.1639930462291,40.4452350536283],[-74.1639990017293,40.4452947229054]]}},{"type":"Feature","id":281711,"properties":{"OBJECTID":281711,"PRIMENAME":"Pine Street","ELEVTYP_F":0,"ELEVTYP_T":0},"geometry":{"type":"LineString","coordinates":[[-74.1750856296524,40.445919778383],[-74.1751208912843,40.4462381783335]]}},{"type":"Feature","id":282121,"properties":{"OBJECTID":282121,"PRIMENAME":"Harris Avenue","ELEVTYP_F":0,"ELEVTYP_T":0},"geometry":{"type":"LineString","coordinates":[[-74.1601195116813,40.4392674361812],[-74.1601502713526,40.4389838973561],[-74.1602095599806,40.4384373746747],[-74.1602258332709,40.4382878119253]]}},{"type":"Feature","id":283297,"properties":{"OBJECTID":283297,"PRIMENAME":"Ocean Avenue","ELEVTYP_F":0,"ELEVTYP_T":0},"geometry":{"type":"LineString","coordinates":[[-74.1678007696423,40.4444256145786],[-74.1677420110458,40.4437711940628]]}},{"type":"Feature","id":283519,"properties":{"OBJECTID":283519,"PRIMENAME":"Bayshore Mobile Manor","ELEVTYP_F":0,"ELEVTYP_T":0},"geometry":{"type":"LineString","coordinates":[[-74.1475346220846,40.4398349129976],[-74.147583012784,40.440440485175]]}},{"type":"Feature","id":284416,"properties":{"OBJECTID":284416,"PRIMENAME":"Spruce Street","ELEVTYP_F":0,"ELEVTYP_T":0},"geometry":{"type":"LineString","coordinates":[[-74.1722625081458,40.4461185192225],[-74.1723122891425,40.4465149501209],[-74.1723243304172,40.4466102960787],[-74.1723176159274,40.4467056158902],[-74.1722922859148,40.4467865816988],[-74.1722482222902,40.4468626894855],[-74.1721917261316,40.4469387890199],[-74.172190572604,40.4469396368518]]}},{"type":"Feature","id":284655,"properties":{"OBJECTID":284655,"PRIMENAME":"Walnut Street","ELEVTYP_F":0,"ELEVTYP_T":0},"geometry":{"type":"LineString","coordinates":[[-74.1892734463964,40.4399434961336],[-74.1891912697094,40.4398515045844],[-74.1890918487219,40.4397749765117],[-74.1889674355222,40.4397031581072],[-74.1887807034323,40.4396120926754],[-74.1887753323734,40.4396096798135]]}},{"type":"Feature","id":285345,"properties":{"OBJECTID":285345,"PRIMENAME":"FR RT 36 SB to SEAGATE AVE","ELEVTYP_F":0,"ELEVTYP_T":0},"geometry":{"type":"LineString","coordinates":[[-74.1711407705983,40.4376056902878],[-74.1708921857554,40.4375842573828],[-74.1706454560259,40.4375730406785],[-74.1705770102377,40.4375665312814],[-74.1704948196059,40.4375496073028],[-74.1704180789724,40.4375347018251],[-74.1703031742639,40.4374924557303],[-74.1700834189423,40.4373943751215]]}},{"type":"Feature","id":285867,"properties":{"OBJECTID":285867,"PRIMENAME":"8th Street","ELEVTYP_F":0,"ELEVTYP_T":0},"geometry":{"type":"LineString","coordinates":[[-74.1776976211368,40.4492520988155],[-74.1787434876869,40.4500171989815],[-74.1796664887142,40.4507001983393]]}},{"type":"Feature","id":286976,"properties":{"OBJECTID":286976,"PRIMENAME":"Ocean Avenue","ELEVTYP_F":0,"ELEVTYP_T":0},"geometry":{"type":"LineString","coordinates":[[-74.1676164293109,40.4424808034367],[-74.1676101908534,40.4424124036096],[-74.1675589110256,40.4418523831151]]}},{"type":"Feature","id":287938,"properties":{"OBJECTID":287938,"PRIMENAME":"Front Street","ELEVTYP_F":0,"ELEVTYP_T":0},"geometry":{"type":"LineString","coordinates":[[-74.1726543430516,40.4527577277944],[-74.1726379593979,40.4527456867139],[-74.1722542443243,40.4524637177387]]}},{"type":"Feature","id":288248,"properties":{"OBJECTID":288248,"PRIMENAME":"Park Avenue","ELEVTYP_F":0,"ELEVTYP_T":0},"geometry":{"type":"LineString","coordinates":[[-74.1748372948646,40.4439534702263],[-74.1766818899299,40.4438224015328],[-74.1767751629147,40.4438153599794]]}},{"type":"Feature","id":290178,"properties":{"OBJECTID":290178,"PRIMENAME":"Front Street","ELEVTYP_F":0,"ELEVTYP_T":0},"geometry":{"type":"LineString","coordinates":[[-74.1729569755225,40.4529805860165],[-74.1729298352258,40.4529601674408],[-74.1726543430516,40.4527577277944]]}},{"type":"Feature","id":290455,"properties":{"OBJECTID":290455,"PRIMENAME":"Bayshore Mobile Manor","ELEVTYP_F":0,"ELEVTYP_T":0},"geometry":{"type":"LineString","coordinates":[[-74.147583012784,40.440440485175],[-74.1476133219366,40.4408200670587]]}},{"type":"Feature","id":290934,"properties":{"OBJECTID":290934,"PRIMENAME":"Park Avenue","ELEVTYP_F":0,"ELEVTYP_T":0},"geometry":{"type":"LineString","coordinates":[[-74.1639353965685,40.4446393525445],[-74.1655808930441,40.4445533697259],[-74.1659836890572,40.444530074696]]}},{"type":"Feature","id":293513,"properties":{"OBJECTID":293513,"PRIMENAME":"Lorillard Avenue","ELEVTYP_F":0,"ELEVTYP_T":0},"geometry":{"type":"LineString","coordinates":[[-74.1639990017293,40.4452947229054],[-74.1638992101492,40.4452967384525],[-74.1636745103845,40.4453151910898],[-74.1636121812726,40.4453054296509],[-74.163487619931,40.4452669638321],[-74.1622296212772,40.4448438912808],[-74.1620904784464,40.4447971188954]]}},{"type":"Feature","id":293601,"properties":{"OBJECTID":293601,"PRIMENAME":"Stone Road","ELEVTYP_F":0,"ELEVTYP_T":0},"geometry":{"type":"LineString","coordinates":[[-74.1769168953504,40.4384148870971],[-74.1760486775256,40.4382099478058]]}},{"type":"Feature","id":294094,"properties":{"OBJECTID":294094,"PRIMENAME":"Stone Road","ELEVTYP_F":0,"ELEVTYP_T":0},"geometry":{"type":"LineString","coordinates":[[-74.1833455980736,40.438530758408],[-74.1830702023696,40.4384865488074],[-74.1824993876102,40.438385882493]]}},{"type":"Feature","id":294308,"properties":{"OBJECTID":294308,"PRIMENAME":"Shore Road","ELEVTYP_F":0,"ELEVTYP_T":0},"geometry":{"type":"LineString","coordinates":[[-74.1638718344723,40.4439829122426],[-74.1639353965685,40.4446393525445]]}},{"type":"Feature","id":294541,"properties":{"OBJECTID":294541,"PRIMENAME":"Chingarora Street","ELEVTYP_F":0,"ELEVTYP_T":0},"geometry":{"type":"LineString","coordinates":[[-74.18311163335,40.447636447185],[-74.1820721134524,40.448472401275],[-74.1820096213766,40.4484960296502],[-74.1819535627639,40.4484816012235]]}},{"type":"Feature","id":296747,"properties":{"OBJECTID":296747,"PRIMENAME":"Florence Avenue","ELEVTYP_F":0,"ELEVTYP_T":0},"geometry":{"type":"LineString","coordinates":[[-74.1750935644448,40.4490328558583],[-74.175057781698,40.4490610578234]]}},{"type":"Feature","id":297131,"properties":{"OBJECTID":297131,"PRIMENAME":"Rose Lane","ELEVTYP_F":0,"ELEVTYP_T":0},"geometry":{"type":"LineString","coordinates":[[-74.1556367478057,40.438984925919],[-74.1556346694094,40.4389909864325],[-74.1555840606021,40.4391290270172],[-74.1555640400348,40.4393911019454],[-74.1555423542297,40.4399724880091],[-74.1555417564067,40.4400180234291],[-74.1555356465653,40.4404825241038]]}},{"type":"Feature","id":297789,"properties":{"OBJECTID":297789,"PRIMENAME":"5th Street","ELEVTYP_F":0,"ELEVTYP_T":0},"geometry":{"type":"LineString","coordinates":[[-74.1751356594219,40.4498575899092],[-74.174997436165,40.4498396047305],[-74.1749163812053,40.4498297967403],[-74.1748541159752,40.449805820476],[-74.1747608659107,40.449738851532],[-74.1744739069888,40.4495212315278]]}},{"type":"Feature","id":300044,"properties":{"OBJECTID":300044,"PRIMENAME":"Jersey Avenue","ELEVTYP_F":0,"ELEVTYP_T":0},"geometry":{"type":"LineString","coordinates":[[-74.1788172755257,40.4417412416146],[-74.1786854666763,40.4417526520957],[-74.1783110702516,40.4417849921754],[-74.178136600094,40.4417463762078],[-74.1780391277615,40.4417230187127]]}},{"type":"Feature","id":302146,"properties":{"OBJECTID":302146,"PRIMENAME":"Aumack Avenue","ELEVTYP_F":0,"ELEVTYP_T":0},"geometry":{"type":"LineString","coordinates":[[-74.1648282326004,40.4393544245836],[-74.1634393796366,40.4394178403054]]}},{"type":"Feature","id":303689,"properties":{"OBJECTID":303689,"PRIMENAME":"Dock Street","ELEVTYP_F":0,"ELEVTYP_T":0},"geometry":{"type":"LineString","coordinates":[[-74.1750200171695,40.4529994715441],[-74.1749906424253,40.4538381405378],[-74.1749822900801,40.4542813484182],[-74.1749633839421,40.4543194255248],[-74.1749286999722,40.4543494903258],[-74.174919538517,40.4543574324973],[-74.1748757712061,40.454371639442],[-74.1748258561161,40.4543714990429],[-74.1747760331467,40.4543522518696]]}},{"type":"Feature","id":304141,"properties":{"OBJECTID":304141,"PRIMENAME":"8th Street","ELEVTYP_F":0,"ELEVTYP_T":0},"geometry":{"type":"LineString","coordinates":[[-74.1466252679227,40.442517315997],[-74.1478977286065,40.4425241625733]]}},{"type":"Feature","id":305310,"properties":{"OBJECTID":305310,"PRIMENAME":"Bayview Avenue","ELEVTYP_F":0,"ELEVTYP_T":0},"geometry":{"type":"LineString","coordinates":[[-74.1721808684537,40.4454684007284],[-74.1704737603045,40.4455855197799],[-74.1703455154577,40.4455943181422]]}},{"type":"Feature","id":305606,"properties":{"OBJECTID":305606,"PRIMENAME":"Edmunds Avenue","ELEVTYP_F":0,"ELEVTYP_T":0},"geometry":{"type":"LineString","coordinates":[[-74.181370090197,40.4480456014952],[-74.1808781103205,40.4476779864686],[-74.1807154363817,40.4475578217804]]}},{"type":"Feature","id":305646,"properties":{"OBJECTID":305646,"PRIMENAME":"Morningside Avenue","ELEVTYP_F":0,"ELEVTYP_T":0},"geometry":{"type":"LineString","coordinates":[[-74.1744289371572,40.4408561725314],[-74.1743561916596,40.4408390302256],[-74.1725743885521,40.4404184912556]]}},{"type":"Feature","id":307060,"properties":{"OBJECTID":307060,"PRIMENAME":"Edmunds Avenue","ELEVTYP_F":0,"ELEVTYP_T":0},"geometry":{"type":"LineString","coordinates":[[-74.1770449999713,40.4448520249112],[-74.1769432165681,40.4447598600913],[-74.1768874031029,40.4447024955533],[-74.1768564533752,40.4446452275103],[-74.1768443604057,40.4445594078942],[-74.1768402485579,40.4445138817347],[-74.1768361367155,40.4444683555747]]}},{"type":"Feature","id":307290,"properties":{"OBJECTID":307290,"PRIMENAME":"Poole Avenue","ELEVTYP_F":0,"ELEVTYP_T":0},"geometry":{"type":"LineString","coordinates":[[-74.1787555549842,40.4430079312114],[-74.1787202878791,40.4436683994368]]}},{"type":"Feature","id":308266,"properties":{"OBJECTID":308266,"PRIMENAME":"Shore Road","ELEVTYP_F":0,"ELEVTYP_T":0},"geometry":{"type":"LineString","coordinates":[[-74.1633794556539,40.4387719211018],[-74.1633501673006,40.4384562536476]]}},{"type":"Feature","id":308966,"properties":{"OBJECTID":308966,"PRIMENAME":"Lorillard Avenue","ELEVTYP_F":0,"ELEVTYP_T":0},"geometry":{"type":"LineString","coordinates":[[-74.1661277821297,40.4451816686073],[-74.1657523779899,40.4452020234946],[-74.1641050818935,40.4452925877466],[-74.1639990017293,40.4452947229054]]}},{"type":"Feature","id":310599,"properties":{"OBJECTID":310599,"PRIMENAME":"Raritan Street","ELEVTYP_F":0,"ELEVTYP_T":0},"geometry":{"type":"LineString","coordinates":[[-74.1824749608968,40.4471666520808],[-74.182396188439,40.4472293821893],[-74.181370090197,40.4480456014952]]}},{"type":"Feature","id":310722,"properties":{"OBJECTID":310722,"PRIMENAME":"Washington Avenue","ELEVTYP_F":0,"ELEVTYP_T":0},"geometry":{"type":"LineString","coordinates":[[-74.1672560610634,40.4385656178095],[-74.1695421098298,40.4384349175082]]}},{"type":"Feature","id":311011,"properties":{"OBJECTID":311011,"PRIMENAME":"Anderson Street","ELEVTYP_F":0,"ELEVTYP_T":0},"geometry":{"type":"LineString","coordinates":[[-74.1743279780261,40.4378106341706],[-74.1742813551154,40.4379275841523],[-74.1738446461264,40.4390233433829],[-74.1737862323972,40.4391699071165]]}},{"type":"Feature","id":311259,"properties":{"OBJECTID":311259,"PRIMENAME":"Beachview Avenue","ELEVTYP_F":0,"ELEVTYP_T":0},"geometry":{"type":"LineString","coordinates":[[-74.1617418214644,40.4454097229349],[-74.1617716913055,40.445357268004],[-74.1620904784464,40.4447971188954]]}},{"type":"Feature","id":311298,"properties":{"OBJECTID":311298,"PRIMENAME":"Unnamed Segment","ELEVTYP_F":0,"ELEVTYP_T":0},"geometry":{"type":"LineString","coordinates":[[-74.1555024806849,40.446347199205],[-74.1555094813358,40.4463911991142],[-74.1555344798179,40.4464321985899],[-74.1555764791918,40.4464631993961],[-74.1556294786102,40.4464821995332],[-74.1556644813196,40.446486198156],[-74.1566744814169,40.4464891985373],[-74.1567114803827,40.4464731996048],[-74.1567334802993,40.4464451992554],[-74.1567504800832,40.4457111983],[-74.1567474800439,40.445387198378],[-74.1567254794657,40.4453481984689],[-74.1566854803895,40.4453181983193],[-74.1566494807366,40.4453051996704],[-74.1560744796072,40.4452951982726],[-74.1555264794378,40.4452811981872]]}},{"type":"Feature","id":312482,"properties":{"OBJECTID":312482,"PRIMENAME":"10th Street","ELEVTYP_F":0,"ELEVTYP_T":0},"geometry":{"type":"LineString","coordinates":[[-74.175481835206,40.4459812232314],[-74.1755027183737,40.4459663546743],[-74.1755526824389,40.4459474166927],[-74.1756212988614,40.4459428601828],[-74.1756649812391,40.4459525078956],[-74.1757147036784,40.445976475571],[-74.1758017322653,40.4460434272378],[-74.1760790760688,40.4462410040432]]}},{"type":"Feature","id":313265,"properties":{"OBJECTID":313265,"PRIMENAME":"5th Street","ELEVTYP_F":0,"ELEVTYP_T":0},"geometry":{"type":"LineString","coordinates":[[-74.1744739069888,40.4495212315278],[-74.1743319854302,40.4494135514422],[-74.1730700723273,40.4484854236667],[-74.1729925929649,40.4484276114384]]}},{"type":"Feature","id":313365,"properties":{"OBJECTID":313365,"PRIMENAME":"Washington Avenue","ELEVTYP_F":0,"ELEVTYP_T":0},"geometry":{"type":"LineString","coordinates":[[-74.1633794556539,40.4387719211018],[-74.1634825962955,40.4387662645479],[-74.1646806915755,40.4387004578474]]}},{"type":"Feature","id":313702,"properties":{"OBJECTID":313702,"PRIMENAME":"2nd Street","ELEVTYP_F":0,"ELEVTYP_T":0},"geometry":{"type":"LineString","coordinates":[[-74.1753420278472,40.4530222564339],[-74.1751069803946,40.4529997159888],[-74.1750200171695,40.4529994715441]]}},{"type":"Feature","id":313727,"properties":{"OBJECTID":313727,"PRIMENAME":"Ocean Avenue","ELEVTYP_F":0,"ELEVTYP_T":0},"geometry":{"type":"LineString","coordinates":[[-74.1679057944098,40.4457255535338],[-74.1676389852149,40.4457557777207]]}},{"type":"Feature","id":315651,"properties":{"OBJECTID":315651,"PRIMENAME":"Sydney Avenue","ELEVTYP_F":0,"ELEVTYP_T":0},"geometry":{"type":"LineString","coordinates":[[-74.1697886983205,40.4410678947985],[-74.1687167520526,40.4411262092248],[-74.1674983903049,40.4411918895181]]}},{"type":"Feature","id":317436,"properties":{"OBJECTID":317436,"PRIMENAME":"State Street","ELEVTYP_F":0,"ELEVTYP_T":0},"geometry":{"type":"LineString","coordinates":[[-74.1822159974487,40.4451597290909],[-74.1822877786131,40.4450701327348],[-74.1827144890413,40.4445375376565]]}},{"type":"Feature","id":318779,"properties":{"OBJECTID":318779,"PRIMENAME":"Floyd Avenue","ELEVTYP_F":0,"ELEVTYP_T":0},"geometry":{"type":"LineString","coordinates":[[-74.1776635358949,40.4460244738745],[-74.1780866129085,40.4456876441216],[-74.1781336822304,40.4456501113897]]}},{"type":"Feature","id":318810,"properties":{"OBJECTID":318810,"PRIMENAME":"Spruce Street","ELEVTYP_F":0,"ELEVTYP_T":0},"geometry":{"type":"LineString","coordinates":[[-74.1720141742617,40.444154016343],[-74.1720480361192,40.4444172078083],[-74.1720979060714,40.4448093845498]]}},{"type":"Feature","id":319316,"properties":{"OBJECTID":319316,"PRIMENAME":"Beach Street","ELEVTYP_F":0,"ELEVTYP_T":0},"geometry":{"type":"LineString","coordinates":[[-74.1729569755225,40.4529805860165],[-74.1730611555724,40.4528985813901],[-74.1732531850535,40.4527474273198],[-74.1735558590912,40.4525091803959],[-74.1736194172066,40.4524595897511]]}},{"type":"Feature","id":321397,"properties":{"OBJECTID":321397,"PRIMENAME":"Center Street","ELEVTYP_F":0,"ELEVTYP_T":0},"geometry":{"type":"LineString","coordinates":[[-74.1710770729217,40.4478077574313],[-74.1710581198488,40.4478553868736],[-74.1710828597518,40.4479031127186],[-74.1714993631724,40.4482045345563],[-74.1723509044631,40.4488408335836],[-74.1724102307397,40.448885307689]]}},{"type":"Feature","id":322098,"properties":{"OBJECTID":322098,"PRIMENAME":"Center Street","ELEVTYP_F":0,"ELEVTYP_T":0},"geometry":{"type":"LineString","coordinates":[[-74.1724102307397,40.448885307689],[-74.1728481742985,40.4492139351064],[-74.1738821255918,40.4499872277727]]}},{"type":"Feature","id":322381,"properties":{"OBJECTID":322381,"PRIMENAME":"Branch Street","ELEVTYP_F":0,"ELEVTYP_T":0},"geometry":{"type":"LineString","coordinates":[[-74.1836905831488,40.439687138514],[-74.1837850188337,40.4397221507275],[-74.1842783957513,40.4399051464228],[-74.1847688700367,40.440087060334]]}},{"type":"Feature","id":323101,"properties":{"OBJECTID":323101,"PRIMENAME":"Ash Street","ELEVTYP_F":0,"ELEVTYP_T":0},"geometry":{"type":"LineString","coordinates":[[-74.1843116698695,40.4430840148645],[-74.1842638292921,40.4430186779653],[-74.1842623651335,40.4430166781508],[-74.1840765052898,40.4427540637749],[-74.1839028421788,40.4425343609559],[-74.1838161004331,40.4424054314579],[-74.1837605156365,40.4422908883716],[-74.1836122271598,40.4419854416312],[-74.183567103462,40.441892559521]]}},{"type":"Feature","id":323723,"properties":{"OBJECTID":323723,"PRIMENAME":"Aspen Street","ELEVTYP_F":0,"ELEVTYP_T":0},"geometry":{"type":"LineString","coordinates":[[-74.1858417355412,40.4424104594153],[-74.1858867749309,40.4424682578165],[-74.186221619171,40.4428980964079]]}},{"type":"Feature","id":324962,"properties":{"OBJECTID":324962,"PRIMENAME":"6th Street","ELEVTYP_F":0,"ELEVTYP_T":0},"geometry":{"type":"LineString","coordinates":[[-74.1735794881289,40.4479672888416],[-74.1749827328501,40.4490055323775],[-74.175057781698,40.4490610578234]]}},{"type":"Feature","id":327276,"properties":{"OBJECTID":327276,"PRIMENAME":"Pine Street","ELEVTYP_F":0,"ELEVTYP_T":0},"geometry":{"type":"LineString","coordinates":[[-74.1724102307397,40.448885307689],[-74.171823963377,40.4493460934723]]}},{"type":"Feature","id":327665,"properties":{"OBJECTID":327665,"PRIMENAME":"Seaview Avenue","ELEVTYP_F":0,"ELEVTYP_T":0},"geometry":{"type":"LineString","coordinates":[[-74.1618196011245,40.4436697976241],[-74.161823826199,40.4436655292495],[-74.1619560934949,40.4434133077365],[-74.1620629811726,40.4432420477185]]}},{"type":"Feature","id":327672,"properties":{"OBJECTID":327672,"PRIMENAME":"Ocean Avenue","ELEVTYP_F":0,"ELEVTYP_T":0},"geometry":{"type":"LineString","coordinates":[[-74.1674983903049,40.4411918895181],[-74.1674503498212,40.4406676191315],[-74.167437310116,40.4405358424617]]}},{"type":"Feature","id":327899,"properties":{"OBJECTID":327899,"PRIMENAME":"Union Avenue","ELEVTYP_F":0,"ELEVTYP_T":0},"geometry":{"type":"LineString","coordinates":[[-74.1652604404841,40.4413122573184],[-74.1651164822892,40.4406512740391]]}},{"type":"Feature","id":329598,"properties":{"OBJECTID":329598,"PRIMENAME":"Pine Street","ELEVTYP_F":0,"ELEVTYP_T":0},"geometry":{"type":"LineString","coordinates":[[-74.1751208912843,40.4462381783335],[-74.175195958285,40.4461847490611],[-74.175481835206,40.4459812232314]]}},{"type":"Feature","id":330894,"properties":{"OBJECTID":330894,"PRIMENAME":"Seagate Avenue","ELEVTYP_F":0,"ELEVTYP_T":0},"geometry":{"type":"LineString","coordinates":[[-74.1694787320096,40.4376942306444],[-74.1694854340057,40.4377782785618]]}},{"type":"Feature","id":330914,"properties":{"OBJECTID":330914,"PRIMENAME":"3rd Street","ELEVTYP_F":0,"ELEVTYP_T":0},"geometry":{"type":"LineString","coordinates":[[-74.1727120201486,40.4509030511722],[-74.1723609231187,40.4506328398721],[-74.1712917116875,40.4498481781705],[-74.171237435834,40.4498070934511]]}},{"type":"Feature","id":330988,"properties":{"OBJECTID":330988,"PRIMENAME":"Edmunds Avenue","ELEVTYP_F":0,"ELEVTYP_T":0},"geometry":{"type":"LineString","coordinates":[[-74.1819535627639,40.4484816012235],[-74.181370090197,40.4480456014952]]}},{"type":"Feature","id":331069,"properties":{"OBJECTID":331069,"PRIMENAME":"Clark Avenue","ELEVTYP_F":0,"ELEVTYP_T":0},"geometry":{"type":"LineString","coordinates":[[-74.1635055781842,40.4400873816164],[-74.163600780486,40.4400820035684],[-74.1648860945783,40.4400094766944],[-74.1649736752761,40.4400049535452]]}},{"type":"Feature","id":331577,"properties":{"OBJECTID":331577,"PRIMENAME":"Aumack Avenue","ELEVTYP_F":0,"ELEVTYP_T":0},"geometry":{"type":"LineString","coordinates":[[-74.16731403589,40.4392170179534],[-74.166317221371,40.4392721120391],[-74.1649580060524,40.4393472245771],[-74.1648282326004,40.4393544245836]]}},{"type":"Feature","id":332715,"properties":{"OBJECTID":332715,"PRIMENAME":"Highland Avenue","ELEVTYP_F":0,"ELEVTYP_T":0},"geometry":{"type":"LineString","coordinates":[[-74.1869466091505,40.4384310892726],[-74.1869186760131,40.4384734265473],[-74.1868808642329,40.4385543060471],[-74.1868239934871,40.4387161986667],[-74.1867451499458,40.438967660656],[-74.1867260114091,40.4390581716964],[-74.1867258438745,40.439058966507],[-74.1867179675898,40.4390962793708]]}},{"type":"Feature","id":332741,"properties":{"OBJECTID":332741,"PRIMENAME":"Syoney Avenue","ELEVTYP_F":0,"ELEVTYP_T":0},"geometry":{"type":"LineString","coordinates":[[-74.1742061898759,40.4412041679513],[-74.1740790094065,40.4415138039815]]}},{"type":"Feature","id":332798,"properties":{"OBJECTID":332798,"PRIMENAME":"9th Street","ELEVTYP_F":0,"ELEVTYP_T":0},"geometry":{"type":"LineString","coordinates":[[-74.1751438957987,40.4464455563748],[-74.1753297034581,40.4465852557755]]}},{"type":"Feature","id":333631,"properties":{"OBJECTID":333631,"PRIMENAME":"11th Street","ELEVTYP_F":0,"ELEVTYP_T":0},"geometry":{"type":"LineString","coordinates":[[-74.1475346220846,40.4398349129976],[-74.1473974765342,40.4397991987504],[-74.1472914777211,40.4397561986363],[-74.1472524771798,40.4397451990249],[-74.1467971054954,40.4397593906192]]}},{"type":"Feature","id":334331,"properties":{"OBJECTID":334331,"PRIMENAME":"Sydney Avenue","ELEVTYP_F":0,"ELEVTYP_T":0},"geometry":{"type":"LineString","coordinates":[[-74.1636337079067,40.4413906042565],[-74.1630327162631,40.4414195451216]]}},{"type":"Feature","id":334427,"properties":{"OBJECTID":334427,"PRIMENAME":"Poole Avenue","ELEVTYP_F":0,"ELEVTYP_T":0},"geometry":{"type":"LineString","coordinates":[[-74.1792031479727,40.4405947566092],[-74.1791533553583,40.4407371193484]]}},{"type":"Feature","id":334569,"properties":{"OBJECTID":334569,"PRIMENAME":"Morningside Avenue","ELEVTYP_F":0,"ELEVTYP_T":0},"geometry":{"type":"LineString","coordinates":[[-74.1651164822892,40.4406512740391],[-74.165023977879,40.4406558649866],[-74.1636637296259,40.4407377023468],[-74.163571616282,40.4407432533506]]}},{"type":"Feature","id":334751,"properties":{"OBJECTID":334751,"PRIMENAME":"Lorillard Avenue","ELEVTYP_F":0,"ELEVTYP_T":0},"geometry":{"type":"LineString","coordinates":[[-74.1774670432384,40.4444301732919],[-74.1770944230985,40.4444504647134],[-74.1769099316573,40.4444632444703],[-74.1768361367155,40.4444683555747]]}},{"type":"Feature","id":335356,"properties":{"OBJECTID":335356,"PRIMENAME":"Rose Lane","ELEVTYP_F":0,"ELEVTYP_T":0},"geometry":{"type":"LineString","coordinates":[[-74.1555056198978,40.4433539936768],[-74.1554993568038,40.443503860143],[-74.1555000801885,40.4436512598618],[-74.1555011001834,40.4438592463963],[-74.155501618842,40.4439652377525],[-74.1555054545794,40.444748279324]]}},{"type":"Feature","id":335707,"properties":{"OBJECTID":335707,"PRIMENAME":"9th Street","ELEVTYP_F":0,"ELEVTYP_T":0},"geometry":{"type":"LineString","coordinates":[[-74.1753297034581,40.4465852557755],[-74.1753872096137,40.4466284902851],[-74.1767298303247,40.4476378563842],[-74.1768070778655,40.4476921241614]]}},{"type":"Feature","id":336630,"properties":{"OBJECTID":336630,"PRIMENAME":"4th Street","ELEVTYP_F":0,"ELEVTYP_T":0},"geometry":{"type":"LineString","coordinates":[[-74.1750842176976,40.4511824461195],[-74.1749660466662,40.4511787095076],[-74.1743048436543,40.451157797321],[-74.1742363016639,40.4511384980666],[-74.1741492805252,40.4510762952575],[-74.1733846768291,40.4505022678333],[-74.1733020734834,40.4504410648625]]}},{"type":"Feature","id":337391,"properties":{"OBJECTID":337391,"PRIMENAME":"Dock Street","ELEVTYP_F":0,"ELEVTYP_T":0},"geometry":{"type":"LineString","coordinates":[[-74.1750842176976,40.4511824461195],[-74.1750774912369,40.4513553712071],[-74.1750598227475,40.4518604566021]]}},{"type":"Feature","id":340017,"properties":{"OBJECTID":340017,"PRIMENAME":"Spruce Street","ELEVTYP_F":0,"ELEVTYP_T":0},"geometry":{"type":"LineString","coordinates":[[-74.1716074032654,40.4473946646093],[-74.1714214901646,40.4475418535639],[-74.1710770729217,40.4478077574313]]}},{"type":"Feature","id":340192,"properties":{"OBJECTID":340192,"PRIMENAME":"Johnson Avenue","ELEVTYP_F":0,"ELEVTYP_T":0},"geometry":{"type":"LineString","coordinates":[[-74.1817340444323,40.4396754552565],[-74.1810421333378,40.4393714712373],[-74.1809969926119,40.4393516370954]]}},{"type":"Feature","id":340498,"properties":{"OBJECTID":340498,"PRIMENAME":"Donnelly Street","ELEVTYP_F":0,"ELEVTYP_T":0},"geometry":{"type":"LineString","coordinates":[[-74.1760538296494,40.4405422450475],[-74.1761032054174,40.4404205260261],[-74.1763620788464,40.4397824537968]]}},{"type":"Feature","id":340964,"properties":{"OBJECTID":340964,"PRIMENAME":"Bayview Avenue","ELEVTYP_F":0,"ELEVTYP_T":0},"geometry":{"type":"LineString","coordinates":[[-74.1617418214644,40.4454097229349],[-74.1615074055359,40.4453304705267],[-74.1609967065507,40.445166955555],[-74.1604363417827,40.444955636085]]}},{"type":"Feature","id":341178,"properties":{"OBJECTID":341178,"PRIMENAME":"Donnelly Street","ELEVTYP_F":0,"ELEVTYP_T":0},"geometry":{"type":"LineString","coordinates":[[-74.1763620788464,40.4397824537968],[-74.1766668308068,40.4390312709542],[-74.1768795927096,40.4385068281912],[-74.1769168953504,40.4384148870971]]}},{"type":"Feature","id":341649,"properties":{"OBJECTID":341649,"PRIMENAME":"Park Avenue","ELEVTYP_F":0,"ELEVTYP_T":0},"geometry":{"type":"LineString","coordinates":[[-74.1720141742617,40.444154016343],[-74.1734994273576,40.4440469873159],[-74.1744229432881,40.443982884311],[-74.1748372948646,40.4439534702263]]}},{"type":"Feature","id":341934,"properties":{"OBJECTID":341934,"PRIMENAME":"Sams Mobile Home Park","ELEVTYP_F":0,"ELEVTYP_T":0},"geometry":{"type":"LineString","coordinates":[[-74.1664134111934,40.4370404541312],[-74.16642819316,40.4378382885824],[-74.1664289464559,40.4378430398272]]}},{"type":"Feature","id":343428,"properties":{"OBJECTID":343428,"PRIMENAME":"High Avenue","ELEVTYP_F":0,"ELEVTYP_T":0},"geometry":{"type":"LineString","coordinates":[[-74.1607874757039,40.4411860089483],[-74.1607752694078,40.4412985799936],[-74.1607236629911,40.441636795812]]}},{"type":"Feature","id":344504,"properties":{"OBJECTID":344504,"PRIMENAME":"Park Avenue","ELEVTYP_F":0,"ELEVTYP_T":0},"geometry":{"type":"LineString","coordinates":[[-74.1678007696423,40.4444256145786],[-74.1690511521569,40.4443595140107],[-74.1691562949854,40.4443539554098],[-74.1692166964935,40.4443500375554],[-74.1699300262274,40.4443037625887],[-74.1705166210834,40.4442625286142],[-74.1719081766672,40.4441616492885],[-74.1720141742617,40.444154016343]]}},{"type":"Feature","id":344523,"properties":{"OBJECTID":344523,"PRIMENAME":"Aumack Lane","ELEVTYP_F":0,"ELEVTYP_T":0},"geometry":{"type":"LineString","coordinates":[[-74.1700445489476,40.437050207291],[-74.1700554862588,40.4371627968312],[-74.1700699317508,40.4372825591659],[-74.1700834189423,40.4373943751215]]}},{"type":"Feature","id":344672,"properties":{"OBJECTID":344672,"PRIMENAME":"Carlisle Court","ELEVTYP_F":0,"ELEVTYP_T":0},"geometry":{"type":"LineString","coordinates":[[-74.1820726151787,40.4374677180608],[-74.1820897336897,40.4373878811015],[-74.1821152631695,40.4372688110849],[-74.1821406899722,40.4371640159169],[-74.182153762915,40.4370353864725],[-74.1821605970312,40.4369114889449],[-74.1821796300393,40.4368448065679],[-74.1822110826577,40.4367877114127],[-74.1822550032439,40.4367306784362],[-74.182323778803,40.4366974861293],[-74.1823862599493,40.4366738295746],[-74.1824861525896,40.4366550257146],[-74.1825546779101,40.4366599629685],[-74.1826669392484,40.4366698512716],[-74.1827604244756,40.4366843829794],[-74.1828727533399,40.4366799141695],[-74.1829725881903,40.4366658588041],[-74.1829826478567,40.4366639680268],[-74.1831474188432,40.4366330117242]]}},{"type":"Feature","id":346575,"properties":{"OBJECTID":346575,"PRIMENAME":"Saint James Avenue","ELEVTYP_F":0,"ELEVTYP_T":0},"geometry":{"type":"LineString","coordinates":[[-74.1760790760688,40.4462410040432],[-74.1761190675316,40.4462111392512],[-74.1769705034798,40.4455748897742],[-74.1770135327699,40.4455414297032]]}},{"type":"Feature","id":347629,"properties":{"OBJECTID":347629,"PRIMENAME":"Front Street","ELEVTYP_F":0,"ELEVTYP_T":0},"geometry":{"type":"LineString","coordinates":[[-74.1722542443243,40.4524637177387],[-74.1714594400745,40.4518796535584]]}},{"type":"Feature","id":349438,"properties":{"OBJECTID":349438,"PRIMENAME":"State Highway 36","ELEVTYP_F":0,"ELEVTYP_T":0},"geometry":{"type":"LineString","coordinates":[[-74.1734812221568,40.4373916189128],[-74.1734845274315,40.4373908545986],[-74.1736459136127,40.4373535095496],[-74.1738894840002,40.4372898506802],[-74.1739731340025,40.4372651325907]]}},{"type":"Feature","id":349678,"properties":{"OBJECTID":349678,"PRIMENAME":"State Highway 36","ELEVTYP_F":0,"ELEVTYP_T":0},"geometry":{"type":"LineString","coordinates":[[-74.154260237077,40.438445156103],[-74.1541984231078,40.4384479352273],[-74.154079769121,40.4384530885619],[-74.1535059040236,40.4384780082277],[-74.1519197402867,40.4385447820328],[-74.1513132336819,40.438566435788]]}},{"type":"Feature","id":349862,"properties":{"OBJECTID":349862,"PRIMENAME":"State Highway 36","ELEVTYP_F":0,"ELEVTYP_T":0},"geometry":{"type":"LineString","coordinates":[[-74.1513132336819,40.438566435788],[-74.1509044110051,40.4385810307376],[-74.1504786529688,40.4385904502065],[-74.1503059298481,40.4385899278769],[-74.1502072937327,40.438589629477],[-74.1499032404698,40.4385887091072],[-74.1496740609264,40.4385808772879],[-74.1493794047966,40.4385692511015],[-74.1490895110493,40.4385469318235],[-74.1487808463255,40.4385209585421],[-74.1485049829504,40.4384951120907],[-74.1483747183416,40.4384786944926],[-74.1483572374323,40.4384764914972],[-74.1482431698213,40.4384621152294],[-74.1480459156871,40.4384359727595],[-74.1479673627456,40.4384255608705],[-74.1476806590532,40.4383794366806],[-74.1476728942003,40.4383781881477],[-74.1474765767433,40.438345444076],[-74.147074637849,40.438272679088],[-74.1468514260246,40.4382313606246],[-74.146626067747,40.4381896424908],[-74.1463120588574,40.438131514186],[-74.1461913494911,40.4381091683356],[-74.1456076955563,40.4379973000352],[-74.1455090166674,40.4379783848906],[-74.1452055962936,40.4379219630376],[-74.1446491051874,40.4378184753462],[-74.1444974898096,40.4377902920525],[-74.1439321971862,40.437685211236],[-74.1437117703847,40.4376442348294]]}},{"type":"Feature","id":351499,"properties":{"OBJECTID":351499,"PRIMENAME":"State Highway 36","ELEVTYP_F":0,"ELEVTYP_T":0},"geometry":{"type":"LineString","coordinates":[[-74.1558131449516,40.4384725462868],[-74.1565422108156,40.4384477854481],[-74.1571203341097,40.4384296712687]]}},{"type":"Feature","id":351663,"properties":{"OBJECTID":351663,"PRIMENAME":"State Highway 36","ELEVTYP_F":0,"ELEVTYP_T":0},"geometry":{"type":"LineString","coordinates":[[-74.1571203341097,40.4384296712687],[-74.1572720928421,40.4384249155738],[-74.1579224676888,40.4384018328797],[-74.1583201826231,40.4383887068628],[-74.1584016914609,40.4383838960488]]}},{"type":"Feature","id":352698,"properties":{"OBJECTID":352698,"PRIMENAME":"State Highway 36","ELEVTYP_F":0,"ELEVTYP_T":0},"geometry":{"type":"LineString","coordinates":[[-74.1635660258733,40.4381023174673],[-74.1645467459704,40.4380510884373]]}},{"type":"Feature","id":353370,"properties":{"OBJECTID":353370,"PRIMENAME":"State Highway 36","ELEVTYP_F":0,"ELEVTYP_T":0},"geometry":{"type":"LineString","coordinates":[[-74.1571663825485,40.4383421648387],[-74.1560326416994,40.4383783550594],[-74.1558149951042,40.4383845701622],[-74.1557661460654,40.4383859720178]]}},{"type":"Feature","id":353958,"properties":{"OBJECTID":353958,"PRIMENAME":"State Highway 36","ELEVTYP_F":0,"ELEVTYP_T":0},"geometry":{"type":"LineString","coordinates":[[-74.1602258332709,40.4382878119253],[-74.161300939626,40.4382294755421],[-74.1622777517085,40.4381759964141]]}},{"type":"Feature","id":354908,"properties":{"OBJECTID":354908,"PRIMENAME":"State Highway 36","ELEVTYP_F":0,"ELEVTYP_T":0},"geometry":{"type":"LineString","coordinates":[[-74.1671973726974,40.4379063916562],[-74.1679970988894,40.4378593063098],[-74.1694854340057,40.4377782785618]]}},{"type":"Feature","id":355181,"properties":{"OBJECTID":355181,"PRIMENAME":"State Highway 36","ELEVTYP_F":0,"ELEVTYP_T":0},"geometry":{"type":"LineString","coordinates":[[-74.1621669752075,40.4380977557502],[-74.1611375616743,40.438153943807],[-74.1602240743188,40.4382045138412],[-74.1595775974232,40.4382402974624]]}},{"type":"Feature","id":355375,"properties":{"OBJECTID":355375,"PRIMENAME":"State Highway 36","ELEVTYP_F":0,"ELEVTYP_T":0},"geometry":{"type":"LineString","coordinates":[[-74.1723997001198,40.4375910572467],[-74.1724893989264,40.4375789933454],[-74.172920095175,40.4375123233693],[-74.173222886722,40.4374510796357],[-74.1732338335585,40.437448865283],[-74.1734689887381,40.4373944492951],[-74.1734812221568,40.4373916189128]]}},{"type":"Feature","id":355975,"properties":{"OBJECTID":355975,"PRIMENAME":"State Highway 36","ELEVTYP_F":0,"ELEVTYP_T":0},"geometry":{"type":"LineString","coordinates":[[-74.1584016914609,40.4383838960488],[-74.1586991973559,40.4383719829585],[-74.1590688355268,40.438355175221],[-74.1591368792459,40.4383513752247],[-74.1593293506157,40.4383406251229]]}},{"type":"Feature","id":356345,"properties":{"OBJECTID":356345,"PRIMENAME":"State Highway 36","ELEVTYP_F":0,"ELEVTYP_T":0},"geometry":{"type":"LineString","coordinates":[[-74.1593293506157,40.4383406251229],[-74.159433856693,40.4383348113871],[-74.1602258332709,40.4382878119253]]}},{"type":"Feature","id":356505,"properties":{"OBJECTID":356505,"PRIMENAME":"State Highway 36","ELEVTYP_F":0,"ELEVTYP_T":0},"geometry":{"type":"LineString","coordinates":[[-74.153464033765,40.4385646565995],[-74.1540785157113,40.4385401036575],[-74.1542354549477,40.4385338318609],[-74.154309370453,40.438530708834],[-74.1548671320105,40.4385071430037],[-74.1557886017116,40.438473407177],[-74.1558131449516,40.4384725462868]]}},{"type":"Feature","id":359933,"properties":{"OBJECTID":359933,"PRIMENAME":"Stone Road","ELEVTYP_F":0,"ELEVTYP_T":0},"geometry":{"type":"LineString","coordinates":[[-74.1743279780261,40.4378106341706],[-74.1741506553787,40.4377702199719],[-74.1741104616854,40.4377610480448]]}},{"type":"Feature","id":360000,"properties":{"OBJECTID":360000,"PRIMENAME":"State Highway 36","ELEVTYP_F":0,"ELEVTYP_T":0},"geometry":{"type":"LineString","coordinates":[[-74.1557661460654,40.4383859720178],[-74.1552419348216,40.4384010078169],[-74.154260237077,40.438445156103]]}},{"type":"Feature","id":363399,"properties":{"OBJECTID":363399,"PRIMENAME":"State Highway 36","ELEVTYP_F":0,"ELEVTYP_T":0},"geometry":{"type":"LineString","coordinates":[[-74.1629680490552,40.4381376622581],[-74.1635660258733,40.4381023174673]]}},{"type":"Feature","id":368062,"properties":{"OBJECTID":368062,"PRIMENAME":"Stone Road","ELEVTYP_F":0,"ELEVTYP_T":0},"geometry":{"type":"LineString","coordinates":[[-74.1734812221568,40.4373916189128],[-74.1733831339409,40.4373234921572]]}},{"type":"Feature","id":370531,"properties":{"OBJECTID":370531,"PRIMENAME":"FR RT 36 NB to CO 6","ELEVTYP_F":0,"ELEVTYP_T":0},"geometry":{"type":"LineString","coordinates":[[-74.1723997001198,40.4375910572467],[-74.1728359345329,40.4375892340104],[-74.1729459972698,40.4375902037951],[-74.1730559542075,40.4375940354082],[-74.1731656780865,40.4376007230863],[-74.1732750392895,40.4376102610599],[-74.1733839117571,40.437622639067],[-74.1734921706388,40.4376378405446],[-74.173599688735,40.4376558471227],[-74.1737063435691,40.4376766386436],[-74.1741104616854,40.4377610480448]]}},{"type":"Feature","id":371126,"properties":{"OBJECTID":371126,"PRIMENAME":"State Highway 36","ELEVTYP_F":0,"ELEVTYP_T":0},"geometry":{"type":"LineString","coordinates":[[-74.1622777517085,40.4381759964141],[-74.1628497759547,40.4381446756192],[-74.1629680490552,40.4381376622581]]}},{"type":"Feature","id":371163,"properties":{"OBJECTID":371163,"PRIMENAME":"State Highway 36","ELEVTYP_F":0,"ELEVTYP_T":0},"geometry":{"type":"LineString","coordinates":[[-74.1511800354959,40.438653346418],[-74.1513181923612,40.43864793876],[-74.1518584911016,40.438626787218],[-74.1527334702126,40.4385936769625],[-74.153464033765,40.4385646565995]]}},{"type":"Feature","id":371602,"properties":{"OBJECTID":371602,"PRIMENAME":"Stone Road","ELEVTYP_F":0,"ELEVTYP_T":0},"geometry":{"type":"LineString","coordinates":[[-74.1741104616854,40.4377610480448],[-74.1740092429096,40.4377368272794],[-74.1738774320459,40.4376800944082],[-74.1737575092095,40.4376198572225],[-74.1736324186258,40.4375436279786],[-74.1735647715651,40.4374835381568],[-74.1735285010151,40.4374436346752],[-74.1734919749154,40.4374034485602],[-74.1734812221568,40.4373916189128]]}},{"type":"Feature","id":372067,"properties":{"OBJECTID":372067,"PRIMENAME":"FR RT 36 NB to CO 6","ELEVTYP_F":0,"ELEVTYP_T":0},"geometry":{"type":"LineString","coordinates":[[-74.1739731340025,40.4372651325907],[-74.1743385568466,40.4372133715493],[-74.1743735554358,40.4372098864876],[-74.1744088441918,40.4372092905836],[-74.174444009367,40.4372115889763],[-74.1744786503226,40.4372167571213],[-74.1745123654275,40.437224731744],[-74.1745447673163,40.4372354243928],[-74.1745754817577,40.4372487115283],[-74.1746041547004,40.4372644399473],[-74.1746304534567,40.4372824258852],[-74.1746540760878,40.4373024640486],[-74.1746747502514,40.4373243222083],[-74.1746922367074,40.4373477475138],[-74.174706334007,40.4373724719097],[-74.1747168796928,40.437398207636],[-74.1747237514171,40.4374246598404],[-74.1747268716745,40.4374515229886],[-74.1747278702734,40.4374734887938],[-74.1747273746415,40.4375000229418],[-74.1747234792142,40.4375263908128],[-74.1747162252746,40.4375523412441],[-74.1747056800327,40.4375776240465],[-74.1746919436683,40.4376019963283],[-74.1746751516789,40.4376252243034],[-74.1746554642682,40.437647084162],[-74.1746330686854,40.4376673656801],[-74.174608180396,40.4376858740238],[-74.1745810407149,40.4377024315441],[-74.1745519109052,40.4377168795618],[-74.1745210686454,40.4377290774567],[-74.1744888127058,40.4377389107868],[-74.1744554488513,40.4377462813417],[-74.1744213015592,40.4377511215855],[-74.1743866999303,40.4377533829094],[-74.1741104616854,40.4377610480448]]}},{"type":"Feature","id":372434,"properties":{"OBJECTID":372434,"PRIMENAME":"State Highway 36","ELEVTYP_F":0,"ELEVTYP_T":0},"geometry":{"type":"LineString","coordinates":[[-74.1667724882898,40.4378418654196],[-74.1664303814867,40.4378610594568],[-74.1663550390896,40.4378652857982],[-74.1663241683626,40.4378669547493],[-74.1660700598601,40.4378806970228],[-74.1659323305656,40.4378881445846],[-74.1652881723146,40.4379229788478],[-74.1645341311235,40.4379652650389]]}},{"type":"Feature","id":372818,"properties":{"OBJECTID":372818,"PRIMENAME":"State Highway 36","ELEVTYP_F":0,"ELEVTYP_T":0},"geometry":{"type":"LineString","coordinates":[[-74.1694854340057,40.4377782785618],[-74.1698688099913,40.4377574127736],[-74.1710853959937,40.437696562187],[-74.171693684816,40.4376589530825],[-74.1719885514376,40.4376347811151],[-74.1721302051693,40.4376218967032],[-74.1722553237639,40.437610475615],[-74.1723997001198,40.4375910572467]]}},{"type":"Feature","id":373401,"properties":{"OBJECTID":373401,"PRIMENAME":"State Highway 36","ELEVTYP_F":0,"ELEVTYP_T":0},"geometry":{"type":"LineString","coordinates":[[-74.1674152165338,40.437805809211],[-74.1671885411982,40.437818525975],[-74.1667724882898,40.4378418654196]]}},{"type":"Feature","id":373767,"properties":{"OBJECTID":373767,"PRIMENAME":"FR CO 6 EB to RT 36 NB","ELEVTYP_F":0,"ELEVTYP_T":0},"geometry":{"type":"LineString","coordinates":[[-74.1751941608483,40.4380108315987],[-74.1750038308711,40.4379131861539],[-74.1749627993742,40.4378892308729],[-74.1749259003805,40.4378616306011],[-74.1748936823769,40.4378307957751],[-74.1748666299411,40.4377971897896],[-74.1748451473223,40.4377613118389],[-74.1748295513607,40.4377236986977],[-74.1748200786124,40.4376849139333],[-74.1748168689133,40.4376455343499],[-74.174816445388,40.4373312279751],[-74.1748142449728,40.437271971411],[-74.1748078085867,40.4372128947674],[-74.1747919856284,40.4371037746993],[-74.1747759972474,40.4369935256602]]}},{"type":"Feature","id":375167,"properties":{"OBJECTID":375167,"PRIMENAME":"State Highway 36","ELEVTYP_F":0,"ELEVTYP_T":0},"geometry":{"type":"LineString","coordinates":[[-74.1711407705983,40.4376056902878],[-74.1709828653799,40.4376140528604],[-74.170798129209,40.4376240581385],[-74.1700423604181,40.4376649856612],[-74.1694787320096,40.4376942306444]]}},{"type":"Feature","id":383706,"properties":{"OBJECTID":383706,"PRIMENAME":"State Highway 36","ELEVTYP_F":0,"ELEVTYP_T":0},"geometry":{"type":"LineString","coordinates":[[-74.1645467459704,40.4380510884373],[-74.1648993588556,40.4380326473388],[-74.1659475084933,40.437974930818],[-74.1663237404657,40.437953507657],[-74.1667243020034,40.4379306970772],[-74.1671973726974,40.4379063916562]]}},{"type":"Feature","id":394771,"properties":{"OBJECTID":394771,"PRIMENAME":"State Highway 36","ELEVTYP_F":0,"ELEVTYP_T":0},"geometry":{"type":"LineString","coordinates":[[-74.146827124642,40.4383152970927],[-74.1469790195863,40.4383436276908],[-74.1472143711002,40.4383875236559],[-74.1474807800995,40.4384348119885],[-74.1476542010642,40.4384627921416]]}},{"type":"Feature","id":396330,"properties":{"OBJECTID":396330,"PRIMENAME":"State Highway 36","ELEVTYP_F":0,"ELEVTYP_T":0},"geometry":{"type":"LineString","coordinates":[[-74.1584147799012,40.4382970599694],[-74.1580219947023,40.4383114023479],[-74.1573554988245,40.4383357338439],[-74.1572631871579,40.4383391032945],[-74.1571663825485,40.4383421648387]]}},{"type":"Feature","id":396635,"properties":{"OBJECTID":396635,"PRIMENAME":"State Highway 36","ELEVTYP_F":0,"ELEVTYP_T":0},"geometry":{"type":"LineString","coordinates":[[-74.1595775974232,40.4382402974624],[-74.1593593998205,40.4382523753741],[-74.1591368198501,40.4382632421026]]}},{"type":"Feature","id":396734,"properties":{"OBJECTID":396734,"PRIMENAME":"State Highway 36","ELEVTYP_F":0,"ELEVTYP_T":0},"geometry":{"type":"LineString","coordinates":[[-74.1645341311235,40.4379652650389],[-74.1641370555497,40.4379875557853],[-74.1635511399431,40.4380204618757],[-74.1628991966616,40.4380570722532],[-74.1624430975889,40.4380826831414],[-74.1621669752075,40.4380977557502]]}},{"type":"Feature","id":396877,"properties":{"OBJECTID":396877,"PRIMENAME":"State Highway 36","ELEVTYP_F":0,"ELEVTYP_T":0},"geometry":{"type":"LineString","coordinates":[[-74.1476542010642,40.4384627921416],[-74.1477518783081,40.4384785177436],[-74.1479669153067,40.4385113453705],[-74.1482240046006,40.4385478697959],[-74.1483563692702,40.4385637121387],[-74.1483567827458,40.4385637620309],[-74.148499829583,40.4385808822846],[-74.148780399919,40.4386067430482],[-74.1490609337895,40.4386326309402],[-74.1493555895895,40.438651396402],[-74.1496455209288,40.438666577563],[-74.1499074655665,40.4386745077651],[-74.1499709324166,40.4386746999432],[-74.1501881664694,40.4386753574657],[-74.1502341728097,40.4386746203433],[-74.1505624225921,40.4386693517401],[-74.1509273753171,40.4386632635743],[-74.1511800354959,40.438653346418]]}},{"type":"Feature","id":397911,"properties":{"OBJECTID":397911,"PRIMENAME":"State Highway 36","ELEVTYP_F":0,"ELEVTYP_T":0},"geometry":{"type":"LineString","coordinates":[[-74.1591368198501,40.4382632421026],[-74.1585311690942,40.4382928105445],[-74.1584147799012,40.4382970599694]]}},{"type":"Feature","id":398405,"properties":{"OBJECTID":398405,"PRIMENAME":"State Highway 36","ELEVTYP_F":0,"ELEVTYP_T":0},"geometry":{"type":"LineString","coordinates":[[-74.1733831339409,40.4373234921572],[-74.1730750455378,40.4373948030929],[-74.1728455880768,40.4374370334394],[-74.1726021555439,40.4374792507733],[-74.1725672600861,40.4374837830342],[-74.1723868158488,40.4375072180328],[-74.1721621334702,40.4375351854169],[-74.1721596535529,40.4375354071469],[-74.1718906928354,40.4375594243158],[-74.1716239392558,40.4375801336753],[-74.1711407705983,40.4376056902878]]}},{"type":"Feature","id":401536,"properties":{"OBJECTID":401536,"PRIMENAME":"State Highway 36","ELEVTYP_F":0,"ELEVTYP_T":0},"geometry":{"type":"LineString","coordinates":[[-74.1694787320096,40.4376942306444],[-74.168933322337,40.4377225649715],[-74.167566992862,40.4377972933895],[-74.1675345714349,40.4377991131149],[-74.1674152165338,40.437805809211]]}}]}
